subject_id	subject_name	class_id	class_name	sample_id	sample_name
1	071309_w_21	2	PA2	41	071309_w_21-PA2-004
1	071309_w_21	2	PA2	42	071309_w_21-PA2-005
1	071309_w_21	2	PA2	43	071309_w_21-PA2-013
1	071309_w_21	2	PA2	44	071309_w_21-PA2-014
1	071309_w_21	2	PA2	45	071309_w_21-PA2-016
1	071309_w_21	2	PA2	46	071309_w_21-PA2-019
1	071309_w_21	2	PA2	47	071309_w_21-PA2-032
1	071309_w_21	2	PA2	48	071309_w_21-PA2-034
1	071309_w_21	2	PA2	49	071309_w_21-PA2-035
1	071309_w_21	2	PA2	50	071309_w_21-PA2-038
1	071309_w_21	2	PA2	51	071309_w_21-PA2-040
1	071309_w_21	2	PA2	52	071309_w_21-PA2-044
1	071309_w_21	2	PA2	53	071309_w_21-PA2-050
1	071309_w_21	2	PA2	54	071309_w_21-PA2-051
1	071309_w_21	2	PA2	55	071309_w_21-PA2-056
1	071309_w_21	2	PA2	56	071309_w_21-PA2-057
1	071309_w_21	2	PA2	57	071309_w_21-PA2-059
1	071309_w_21	2	PA2	58	071309_w_21-PA2-064
1	071309_w_21	2	PA2	59	071309_w_21-PA2-071
1	071309_w_21	2	PA2	60	071309_w_21-PA2-080
1	071309_w_21	3	PA3	61	071309_w_21-PA3-006
1	071309_w_21	3	PA3	62	071309_w_21-PA3-008
1	071309_w_21	3	PA3	63	071309_w_21-PA3-009
1	071309_w_21	3	PA3	64	071309_w_21-PA3-011
1	071309_w_21	3	PA3	65	071309_w_21-PA3-015
1	071309_w_21	3	PA3	66	071309_w_21-PA3-021
1	071309_w_21	3	PA3	67	071309_w_21-PA3-023
1	071309_w_21	3	PA3	68	071309_w_21-PA3-024
1	071309_w_21	3	PA3	69	071309_w_21-PA3-027
1	071309_w_21	3	PA3	70	071309_w_21-PA3-029
1	071309_w_21	3	PA3	71	071309_w_21-PA3-033
1	071309_w_21	3	PA3	72	071309_w_21-PA3-045
1	071309_w_21	3	PA3	73	071309_w_21-PA3-046
1	071309_w_21	3	PA3	74	071309_w_21-PA3-052
1	071309_w_21	3	PA3	75	071309_w_21-PA3-055
1	071309_w_21	3	PA3	76	071309_w_21-PA3-067
1	071309_w_21	3	PA3	77	071309_w_21-PA3-070
1	071309_w_21	3	PA3	78	071309_w_21-PA3-072
1	071309_w_21	3	PA3	79	071309_w_21-PA3-077
1	071309_w_21	3	PA3	80	071309_w_21-PA3-079
5	071814_w_23	2	PA2	441	071814_w_23-PA2-021
5	071814_w_23	2	PA2	442	071814_w_23-PA2-024
5	071814_w_23	2	PA2	443	071814_w_23-PA2-028
5	071814_w_23	2	PA2	444	071814_w_23-PA2-035
5	071814_w_23	2	PA2	445	071814_w_23-PA2-037
5	071814_w_23	2	PA2	446	071814_w_23-PA2-040
5	071814_w_23	2	PA2	447	071814_w_23-PA2-045
5	071814_w_23	2	PA2	448	071814_w_23-PA2-046
5	071814_w_23	2	PA2	449	071814_w_23-PA2-047
5	071814_w_23	2	PA2	450	071814_w_23-PA2-048
5	071814_w_23	2	PA2	451	071814_w_23-PA2-049
5	071814_w_23	2	PA2	452	071814_w_23-PA2-050
5	071814_w_23	2	PA2	453	071814_w_23-PA2-057
5	071814_w_23	2	PA2	454	071814_w_23-PA2-062
5	071814_w_23	2	PA2	455	071814_w_23-PA2-065
5	071814_w_23	2	PA2	456	071814_w_23-PA2-068
5	071814_w_23	2	PA2	457	071814_w_23-PA2-071
5	071814_w_23	2	PA2	458	071814_w_23-PA2-072
5	071814_w_23	2	PA2	459	071814_w_23-PA2-074
5	071814_w_23	2	PA2	460	071814_w_23-PA2-077
5	071814_w_23	3	PA3	461	071814_w_23-PA3-001
5	071814_w_23	3	PA3	462	071814_w_23-PA3-003
5	071814_w_23	3	PA3	463	071814_w_23-PA3-005
5	071814_w_23	3	PA3	464	071814_w_23-PA3-009
5	071814_w_23	3	PA3	465	071814_w_23-PA3-011
5	071814_w_23	3	PA3	466	071814_w_23-PA3-012
5	071814_w_23	3	PA3	467	071814_w_23-PA3-014
5	071814_w_23	3	PA3	468	071814_w_23-PA3-016
5	071814_w_23	3	PA3	469	071814_w_23-PA3-019
5	071814_w_23	3	PA3	470	071814_w_23-PA3-025
5	071814_w_23	3	PA3	471	071814_w_23-PA3-027
5	071814_w_23	3	PA3	472	071814_w_23-PA3-030
5	071814_w_23	3	PA3	473	071814_w_23-PA3-031
5	071814_w_23	3	PA3	474	071814_w_23-PA3-044
5	071814_w_23	3	PA3	475	071814_w_23-PA3-059
5	071814_w_23	3	PA3	476	071814_w_23-PA3-060
5	071814_w_23	3	PA3	477	071814_w_23-PA3-063
5	071814_w_23	3	PA3	478	071814_w_23-PA3-067
5	071814_w_23	3	PA3	479	071814_w_23-PA3-078
5	071814_w_23	3	PA3	480	071814_w_23-PA3-080
6	071911_w_24	2	PA2	541	071911_w_24-PA2-003
6	071911_w_24	2	PA2	542	071911_w_24-PA2-010
6	071911_w_24	2	PA2	543	071911_w_24-PA2-012
6	071911_w_24	2	PA2	544	071911_w_24-PA2-013
6	071911_w_24	2	PA2	545	071911_w_24-PA2-016
6	071911_w_24	2	PA2	546	071911_w_24-PA2-017
6	071911_w_24	2	PA2	547	071911_w_24-PA2-019
6	071911_w_24	2	PA2	548	071911_w_24-PA2-021
6	071911_w_24	2	PA2	549	071911_w_24-PA2-023
6	071911_w_24	2	PA2	550	071911_w_24-PA2-029
6	071911_w_24	2	PA2	551	071911_w_24-PA2-042
6	071911_w_24	2	PA2	552	071911_w_24-PA2-046
6	071911_w_24	2	PA2	553	071911_w_24-PA2-053
6	071911_w_24	2	PA2	554	071911_w_24-PA2-061
6	071911_w_24	2	PA2	555	071911_w_24-PA2-063
6	071911_w_24	2	PA2	556	071911_w_24-PA2-066
6	071911_w_24	2	PA2	557	071911_w_24-PA2-070
6	071911_w_24	2	PA2	558	071911_w_24-PA2-071
6	071911_w_24	2	PA2	559	071911_w_24-PA2-078
6	071911_w_24	2	PA2	560	071911_w_24-PA2-079
6	071911_w_24	3	PA3	561	071911_w_24-PA3-004
6	071911_w_24	3	PA3	562	071911_w_24-PA3-006
6	071911_w_24	3	PA3	563	071911_w_24-PA3-007
6	071911_w_24	3	PA3	564	071911_w_24-PA3-009
6	071911_w_24	3	PA3	565	071911_w_24-PA3-022
6	071911_w_24	3	PA3	566	071911_w_24-PA3-027
6	071911_w_24	3	PA3	567	071911_w_24-PA3-032
6	071911_w_24	3	PA3	568	071911_w_24-PA3-034
6	071911_w_24	3	PA3	569	071911_w_24-PA3-036
6	071911_w_24	3	PA3	570	071911_w_24-PA3-037
6	071911_w_24	3	PA3	571	071911_w_24-PA3-040
6	071911_w_24	3	PA3	572	071911_w_24-PA3-043
6	071911_w_24	3	PA3	573	071911_w_24-PA3-056
6	071911_w_24	3	PA3	574	071911_w_24-PA3-057
6	071911_w_24	3	PA3	575	071911_w_24-PA3-059
6	071911_w_24	3	PA3	576	071911_w_24-PA3-064
6	071911_w_24	3	PA3	577	071911_w_24-PA3-065
6	071911_w_24	3	PA3	578	071911_w_24-PA3-067
6	071911_w_24	3	PA3	579	071911_w_24-PA3-068
6	071911_w_24	3	PA3	580	071911_w_24-PA3-076
7	072414_m_23	2	PA2	641	072414_m_23-PA2-003
7	072414_m_23	2	PA2	642	072414_m_23-PA2-008
7	072414_m_23	2	PA2	643	072414_m_23-PA2-009
7	072414_m_23	2	PA2	644	072414_m_23-PA2-018
7	072414_m_23	2	PA2	645	072414_m_23-PA2-020
7	072414_m_23	2	PA2	646	072414_m_23-PA2-021
7	072414_m_23	2	PA2	647	072414_m_23-PA2-029
7	072414_m_23	2	PA2	648	072414_m_23-PA2-031
7	072414_m_23	2	PA2	649	072414_m_23-PA2-034
7	072414_m_23	2	PA2	650	072414_m_23-PA2-035
7	072414_m_23	2	PA2	651	072414_m_23-PA2-038
7	072414_m_23	2	PA2	652	072414_m_23-PA2-047
7	072414_m_23	2	PA2	653	072414_m_23-PA2-049
7	072414_m_23	2	PA2	654	072414_m_23-PA2-053
7	072414_m_23	2	PA2	655	072414_m_23-PA2-054
7	072414_m_23	2	PA2	656	072414_m_23-PA2-056
7	072414_m_23	2	PA2	657	072414_m_23-PA2-064
7	072414_m_23	2	PA2	658	072414_m_23-PA2-066
7	072414_m_23	2	PA2	659	072414_m_23-PA2-068
7	072414_m_23	2	PA2	660	072414_m_23-PA2-072
7	072414_m_23	3	PA3	661	072414_m_23-PA3-001
7	072414_m_23	3	PA3	662	072414_m_23-PA3-011
7	072414_m_23	3	PA3	663	072414_m_23-PA3-016
7	072414_m_23	3	PA3	664	072414_m_23-PA3-024
7	072414_m_23	3	PA3	665	072414_m_23-PA3-036
7	072414_m_23	3	PA3	666	072414_m_23-PA3-039
7	072414_m_23	3	PA3	667	072414_m_23-PA3-042
7	072414_m_23	3	PA3	668	072414_m_23-PA3-044
7	072414_m_23	3	PA3	669	072414_m_23-PA3-045
7	072414_m_23	3	PA3	670	072414_m_23-PA3-046
7	072414_m_23	3	PA3	671	072414_m_23-PA3-048
7	072414_m_23	3	PA3	672	072414_m_23-PA3-051
7	072414_m_23	3	PA3	673	072414_m_23-PA3-058
7	072414_m_23	3	PA3	674	072414_m_23-PA3-059
7	072414_m_23	3	PA3	675	072414_m_23-PA3-065
7	072414_m_23	3	PA3	676	072414_m_23-PA3-067
7	072414_m_23	3	PA3	677	072414_m_23-PA3-071
7	072414_m_23	3	PA3	678	072414_m_23-PA3-076
7	072414_m_23	3	PA3	679	072414_m_23-PA3-079
7	072414_m_23	3	PA3	680	072414_m_23-PA3-080
10	072714_m_23	2	PA2	941	072714_m_23-PA2-004
10	072714_m_23	2	PA2	942	072714_m_23-PA2-007
10	072714_m_23	2	PA2	943	072714_m_23-PA2-011
10	072714_m_23	2	PA2	944	072714_m_23-PA2-018
10	072714_m_23	2	PA2	945	072714_m_23-PA2-019
10	072714_m_23	2	PA2	946	072714_m_23-PA2-031
10	072714_m_23	2	PA2	947	072714_m_23-PA2-032
10	072714_m_23	2	PA2	948	072714_m_23-PA2-039
10	072714_m_23	2	PA2	949	072714_m_23-PA2-044
10	072714_m_23	2	PA2	950	072714_m_23-PA2-051
10	072714_m_23	2	PA2	951	072714_m_23-PA2-064
10	072714_m_23	2	PA2	952	072714_m_23-PA2-065
10	072714_m_23	2	PA2	953	072714_m_23-PA2-067
10	072714_m_23	2	PA2	954	072714_m_23-PA2-069
10	072714_m_23	2	PA2	955	072714_m_23-PA2-071
10	072714_m_23	2	PA2	956	072714_m_23-PA2-074
10	072714_m_23	2	PA2	957	072714_m_23-PA2-075
10	072714_m_23	2	PA2	958	072714_m_23-PA2-076
10	072714_m_23	2	PA2	959	072714_m_23-PA2-079
10	072714_m_23	2	PA2	960	072714_m_23-PA2-080
10	072714_m_23	3	PA3	961	072714_m_23-PA3-002
10	072714_m_23	3	PA3	962	072714_m_23-PA3-003
10	072714_m_23	3	PA3	963	072714_m_23-PA3-005
10	072714_m_23	3	PA3	964	072714_m_23-PA3-006
10	072714_m_23	3	PA3	965	072714_m_23-PA3-016
10	072714_m_23	3	PA3	966	072714_m_23-PA3-023
10	072714_m_23	3	PA3	967	072714_m_23-PA3-025
10	072714_m_23	3	PA3	968	072714_m_23-PA3-026
10	072714_m_23	3	PA3	969	072714_m_23-PA3-028
10	072714_m_23	3	PA3	970	072714_m_23-PA3-035
10	072714_m_23	3	PA3	971	072714_m_23-PA3-037
10	072714_m_23	3	PA3	972	072714_m_23-PA3-040
10	072714_m_23	3	PA3	973	072714_m_23-PA3-049
10	072714_m_23	3	PA3	974	072714_m_23-PA3-050
10	072714_m_23	3	PA3	975	072714_m_23-PA3-058
10	072714_m_23	3	PA3	976	072714_m_23-PA3-059
10	072714_m_23	3	PA3	977	072714_m_23-PA3-061
10	072714_m_23	3	PA3	978	072714_m_23-PA3-062
10	072714_m_23	3	PA3	979	072714_m_23-PA3-070
10	072714_m_23	3	PA3	980	072714_m_23-PA3-077
11	073109_w_28	2	PA2	1041	073109_w_28-PA2-008
11	073109_w_28	2	PA2	1042	073109_w_28-PA2-016
11	073109_w_28	2	PA2	1043	073109_w_28-PA2-021
11	073109_w_28	2	PA2	1044	073109_w_28-PA2-022
11	073109_w_28	2	PA2	1045	073109_w_28-PA2-023
11	073109_w_28	2	PA2	1046	073109_w_28-PA2-025
11	073109_w_28	2	PA2	1047	073109_w_28-PA2-029
11	073109_w_28	2	PA2	1048	073109_w_28-PA2-036
11	073109_w_28	2	PA2	1049	073109_w_28-PA2-038
11	073109_w_28	2	PA2	1050	073109_w_28-PA2-039
11	073109_w_28	2	PA2	1051	073109_w_28-PA2-043
11	073109_w_28	2	PA2	1052	073109_w_28-PA2-046
11	073109_w_28	2	PA2	1053	073109_w_28-PA2-049
11	073109_w_28	2	PA2	1054	073109_w_28-PA2-051
11	073109_w_28	2	PA2	1055	073109_w_28-PA2-056
11	073109_w_28	2	PA2	1056	073109_w_28-PA2-057
11	073109_w_28	2	PA2	1057	073109_w_28-PA2-059
11	073109_w_28	2	PA2	1058	073109_w_28-PA2-060
11	073109_w_28	2	PA2	1059	073109_w_28-PA2-078
11	073109_w_28	2	PA2	1060	073109_w_28-PA2-080
11	073109_w_28	3	PA3	1061	073109_w_28-PA3-002
11	073109_w_28	3	PA3	1062	073109_w_28-PA3-004
11	073109_w_28	3	PA3	1063	073109_w_28-PA3-005
11	073109_w_28	3	PA3	1064	073109_w_28-PA3-007
11	073109_w_28	3	PA3	1065	073109_w_28-PA3-014
11	073109_w_28	3	PA3	1066	073109_w_28-PA3-015
11	073109_w_28	3	PA3	1067	073109_w_28-PA3-018
11	073109_w_28	3	PA3	1068	073109_w_28-PA3-020
11	073109_w_28	3	PA3	1069	073109_w_28-PA3-024
11	073109_w_28	3	PA3	1070	073109_w_28-PA3-033
11	073109_w_28	3	PA3	1071	073109_w_28-PA3-034
11	073109_w_28	3	PA3	1072	073109_w_28-PA3-035
11	073109_w_28	3	PA3	1073	073109_w_28-PA3-040
11	073109_w_28	3	PA3	1074	073109_w_28-PA3-042
11	073109_w_28	3	PA3	1075	073109_w_28-PA3-047
11	073109_w_28	3	PA3	1076	073109_w_28-PA3-053
11	073109_w_28	3	PA3	1077	073109_w_28-PA3-055
11	073109_w_28	3	PA3	1078	073109_w_28-PA3-067
11	073109_w_28	3	PA3	1079	073109_w_28-PA3-068
11	073109_w_28	3	PA3	1080	073109_w_28-PA3-079
14	080309_m_29	2	PA2	1341	080309_m_29-PA2-003
14	080309_m_29	2	PA2	1342	080309_m_29-PA2-004
14	080309_m_29	2	PA2	1343	080309_m_29-PA2-010
14	080309_m_29	2	PA2	1344	080309_m_29-PA2-013
14	080309_m_29	2	PA2	1345	080309_m_29-PA2-019
14	080309_m_29	2	PA2	1346	080309_m_29-PA2-022
14	080309_m_29	2	PA2	1347	080309_m_29-PA2-026
14	080309_m_29	2	PA2	1348	080309_m_29-PA2-030
14	080309_m_29	2	PA2	1349	080309_m_29-PA2-034
14	080309_m_29	2	PA2	1350	080309_m_29-PA2-035
14	080309_m_29	2	PA2	1351	080309_m_29-PA2-039
14	080309_m_29	2	PA2	1352	080309_m_29-PA2-040
14	080309_m_29	2	PA2	1353	080309_m_29-PA2-041
14	080309_m_29	2	PA2	1354	080309_m_29-PA2-044
14	080309_m_29	2	PA2	1355	080309_m_29-PA2-047
14	080309_m_29	2	PA2	1356	080309_m_29-PA2-050
14	080309_m_29	2	PA2	1357	080309_m_29-PA2-060
14	080309_m_29	2	PA2	1358	080309_m_29-PA2-062
14	080309_m_29	2	PA2	1359	080309_m_29-PA2-063
14	080309_m_29	2	PA2	1360	080309_m_29-PA2-076
14	080309_m_29	3	PA3	1361	080309_m_29-PA3-005
14	080309_m_29	3	PA3	1362	080309_m_29-PA3-009
14	080309_m_29	3	PA3	1363	080309_m_29-PA3-014
14	080309_m_29	3	PA3	1364	080309_m_29-PA3-015
14	080309_m_29	3	PA3	1365	080309_m_29-PA3-016
14	080309_m_29	3	PA3	1366	080309_m_29-PA3-021
14	080309_m_29	3	PA3	1367	080309_m_29-PA3-024
14	080309_m_29	3	PA3	1368	080309_m_29-PA3-028
14	080309_m_29	3	PA3	1369	080309_m_29-PA3-031
14	080309_m_29	3	PA3	1370	080309_m_29-PA3-033
14	080309_m_29	3	PA3	1371	080309_m_29-PA3-042
14	080309_m_29	3	PA3	1372	080309_m_29-PA3-048
14	080309_m_29	3	PA3	1373	080309_m_29-PA3-049
14	080309_m_29	3	PA3	1374	080309_m_29-PA3-055
14	080309_m_29	3	PA3	1375	080309_m_29-PA3-067
14	080309_m_29	3	PA3	1376	080309_m_29-PA3-071
14	080309_m_29	3	PA3	1377	080309_m_29-PA3-075
14	080309_m_29	3	PA3	1378	080309_m_29-PA3-077
14	080309_m_29	3	PA3	1379	080309_m_29-PA3-078
14	080309_m_29	3	PA3	1380	080309_m_29-PA3-079
15	080314_w_25	2	PA2	1441	080314_w_25-PA2-012
15	080314_w_25	2	PA2	1442	080314_w_25-PA2-023
15	080314_w_25	2	PA2	1443	080314_w_25-PA2-028
15	080314_w_25	2	PA2	1444	080314_w_25-PA2-030
15	080314_w_25	2	PA2	1445	080314_w_25-PA2-031
15	080314_w_25	2	PA2	1446	080314_w_25-PA2-032
15	080314_w_25	2	PA2	1447	080314_w_25-PA2-033
15	080314_w_25	2	PA2	1448	080314_w_25-PA2-034
15	080314_w_25	2	PA2	1449	080314_w_25-PA2-035
15	080314_w_25	2	PA2	1450	080314_w_25-PA2-040
15	080314_w_25	2	PA2	1451	080314_w_25-PA2-051
15	080314_w_25	2	PA2	1452	080314_w_25-PA2-052
15	080314_w_25	2	PA2	1453	080314_w_25-PA2-055
15	080314_w_25	2	PA2	1454	080314_w_25-PA2-056
15	080314_w_25	2	PA2	1455	080314_w_25-PA2-058
15	080314_w_25	2	PA2	1456	080314_w_25-PA2-061
15	080314_w_25	2	PA2	1457	080314_w_25-PA2-064
15	080314_w_25	2	PA2	1458	080314_w_25-PA2-066
15	080314_w_25	2	PA2	1459	080314_w_25-PA2-073
15	080314_w_25	2	PA2	1460	080314_w_25-PA2-080
15	080314_w_25	3	PA3	1461	080314_w_25-PA3-005
15	080314_w_25	3	PA3	1462	080314_w_25-PA3-009
15	080314_w_25	3	PA3	1463	080314_w_25-PA3-011
15	080314_w_25	3	PA3	1464	080314_w_25-PA3-015
15	080314_w_25	3	PA3	1465	080314_w_25-PA3-016
15	080314_w_25	3	PA3	1466	080314_w_25-PA3-018
15	080314_w_25	3	PA3	1467	080314_w_25-PA3-020
15	080314_w_25	3	PA3	1468	080314_w_25-PA3-027
15	080314_w_25	3	PA3	1469	080314_w_25-PA3-036
15	080314_w_25	3	PA3	1470	080314_w_25-PA3-037
15	080314_w_25	3	PA3	1471	080314_w_25-PA3-041
15	080314_w_25	3	PA3	1472	080314_w_25-PA3-042
15	080314_w_25	3	PA3	1473	080314_w_25-PA3-044
15	080314_w_25	3	PA3	1474	080314_w_25-PA3-047
15	080314_w_25	3	PA3	1475	080314_w_25-PA3-050
15	080314_w_25	3	PA3	1476	080314_w_25-PA3-053
15	080314_w_25	3	PA3	1477	080314_w_25-PA3-057
15	080314_w_25	3	PA3	1478	080314_w_25-PA3-060
15	080314_w_25	3	PA3	1479	080314_w_25-PA3-074
15	080314_w_25	3	PA3	1480	080314_w_25-PA3-079
17	080614_m_24	2	PA2	1641	080614_m_24-PA2-009
17	080614_m_24	2	PA2	1642	080614_m_24-PA2-012
17	080614_m_24	2	PA2	1643	080614_m_24-PA2-014
17	080614_m_24	2	PA2	1644	080614_m_24-PA2-016
17	080614_m_24	2	PA2	1645	080614_m_24-PA2-020
17	080614_m_24	2	PA2	1646	080614_m_24-PA2-022
17	080614_m_24	2	PA2	1647	080614_m_24-PA2-026
17	080614_m_24	2	PA2	1648	080614_m_24-PA2-030
17	080614_m_24	2	PA2	1649	080614_m_24-PA2-043
17	080614_m_24	2	PA2	1650	080614_m_24-PA2-047
17	080614_m_24	2	PA2	1651	080614_m_24-PA2-052
17	080614_m_24	2	PA2	1652	080614_m_24-PA2-053
17	080614_m_24	2	PA2	1653	080614_m_24-PA2-055
17	080614_m_24	2	PA2	1654	080614_m_24-PA2-056
17	080614_m_24	2	PA2	1655	080614_m_24-PA2-057
17	080614_m_24	2	PA2	1656	080614_m_24-PA2-059
17	080614_m_24	2	PA2	1657	080614_m_24-PA2-068
17	080614_m_24	2	PA2	1658	080614_m_24-PA2-071
17	080614_m_24	2	PA2	1659	080614_m_24-PA2-072
17	080614_m_24	2	PA2	1660	080614_m_24-PA2-079
17	080614_m_24	3	PA3	1661	080614_m_24-PA3-001
17	080614_m_24	3	PA3	1662	080614_m_24-PA3-005
17	080614_m_24	3	PA3	1663	080614_m_24-PA3-010
17	080614_m_24	3	PA3	1664	080614_m_24-PA3-011
17	080614_m_24	3	PA3	1665	080614_m_24-PA3-013
17	080614_m_24	3	PA3	1666	080614_m_24-PA3-018
17	080614_m_24	3	PA3	1667	080614_m_24-PA3-021
17	080614_m_24	3	PA3	1668	080614_m_24-PA3-025
17	080614_m_24	3	PA3	1669	080614_m_24-PA3-027
17	080614_m_24	3	PA3	1670	080614_m_24-PA3-029
17	080614_m_24	3	PA3	1671	080614_m_24-PA3-038
17	080614_m_24	3	PA3	1672	080614_m_24-PA3-040
17	080614_m_24	3	PA3	1673	080614_m_24-PA3-041
17	080614_m_24	3	PA3	1674	080614_m_24-PA3-048
17	080614_m_24	3	PA3	1675	080614_m_24-PA3-054
17	080614_m_24	3	PA3	1676	080614_m_24-PA3-061
17	080614_m_24	3	PA3	1677	080614_m_24-PA3-063
17	080614_m_24	3	PA3	1678	080614_m_24-PA3-065
17	080614_m_24	3	PA3	1679	080614_m_24-PA3-070
17	080614_m_24	3	PA3	1680	080614_m_24-PA3-073
18	080709_m_24	2	PA2	1741	080709_m_24-PA2-006
18	080709_m_24	2	PA2	1742	080709_m_24-PA2-008
18	080709_m_24	2	PA2	1743	080709_m_24-PA2-009
18	080709_m_24	2	PA2	1744	080709_m_24-PA2-014
18	080709_m_24	2	PA2	1745	080709_m_24-PA2-020
18	080709_m_24	2	PA2	1746	080709_m_24-PA2-035
18	080709_m_24	2	PA2	1747	080709_m_24-PA2-039
18	080709_m_24	2	PA2	1748	080709_m_24-PA2-044
18	080709_m_24	2	PA2	1749	080709_m_24-PA2-045
18	080709_m_24	2	PA2	1750	080709_m_24-PA2-046
18	080709_m_24	2	PA2	1751	080709_m_24-PA2-047
18	080709_m_24	2	PA2	1752	080709_m_24-PA2-049
18	080709_m_24	2	PA2	1753	080709_m_24-PA2-050
18	080709_m_24	2	PA2	1754	080709_m_24-PA2-058
18	080709_m_24	2	PA2	1755	080709_m_24-PA2-062
18	080709_m_24	2	PA2	1756	080709_m_24-PA2-069
18	080709_m_24	2	PA2	1757	080709_m_24-PA2-073
18	080709_m_24	2	PA2	1758	080709_m_24-PA2-074
18	080709_m_24	2	PA2	1759	080709_m_24-PA2-077
18	080709_m_24	2	PA2	1760	080709_m_24-PA2-080
18	080709_m_24	3	PA3	1761	080709_m_24-PA3-001
18	080709_m_24	3	PA3	1762	080709_m_24-PA3-003
18	080709_m_24	3	PA3	1763	080709_m_24-PA3-005
18	080709_m_24	3	PA3	1764	080709_m_24-PA3-007
18	080709_m_24	3	PA3	1765	080709_m_24-PA3-010
18	080709_m_24	3	PA3	1766	080709_m_24-PA3-012
18	080709_m_24	3	PA3	1767	080709_m_24-PA3-013
18	080709_m_24	3	PA3	1768	080709_m_24-PA3-016
18	080709_m_24	3	PA3	1769	080709_m_24-PA3-018
18	080709_m_24	3	PA3	1770	080709_m_24-PA3-028
18	080709_m_24	3	PA3	1771	080709_m_24-PA3-030
18	080709_m_24	3	PA3	1772	080709_m_24-PA3-041
18	080709_m_24	3	PA3	1773	080709_m_24-PA3-042
18	080709_m_24	3	PA3	1774	080709_m_24-PA3-043
18	080709_m_24	3	PA3	1775	080709_m_24-PA3-064
18	080709_m_24	3	PA3	1776	080709_m_24-PA3-065
18	080709_m_24	3	PA3	1777	080709_m_24-PA3-067
18	080709_m_24	3	PA3	1778	080709_m_24-PA3-068
18	080709_m_24	3	PA3	1779	080709_m_24-PA3-071
18	080709_m_24	3	PA3	1780	080709_m_24-PA3-076
22	081617_m_27	2	PA2	2141	081617_m_27-PA2-001
22	081617_m_27	2	PA2	2142	081617_m_27-PA2-008
22	081617_m_27	2	PA2	2143	081617_m_27-PA2-013
22	081617_m_27	2	PA2	2144	081617_m_27-PA2-016
22	081617_m_27	2	PA2	2145	081617_m_27-PA2-022
22	081617_m_27	2	PA2	2146	081617_m_27-PA2-031
22	081617_m_27	2	PA2	2147	081617_m_27-PA2-033
22	081617_m_27	2	PA2	2148	081617_m_27-PA2-035
22	081617_m_27	2	PA2	2149	081617_m_27-PA2-041
22	081617_m_27	2	PA2	2150	081617_m_27-PA2-044
22	081617_m_27	2	PA2	2151	081617_m_27-PA2-050
22	081617_m_27	2	PA2	2152	081617_m_27-PA2-052
22	081617_m_27	2	PA2	2153	081617_m_27-PA2-057
22	081617_m_27	2	PA2	2154	081617_m_27-PA2-059
22	081617_m_27	2	PA2	2155	081617_m_27-PA2-061
22	081617_m_27	2	PA2	2156	081617_m_27-PA2-062
22	081617_m_27	2	PA2	2157	081617_m_27-PA2-067
22	081617_m_27	2	PA2	2158	081617_m_27-PA2-071
22	081617_m_27	2	PA2	2159	081617_m_27-PA2-075
22	081617_m_27	2	PA2	2160	081617_m_27-PA2-077
22	081617_m_27	3	PA3	2161	081617_m_27-PA3-003
22	081617_m_27	3	PA3	2162	081617_m_27-PA3-006
22	081617_m_27	3	PA3	2163	081617_m_27-PA3-009
22	081617_m_27	3	PA3	2164	081617_m_27-PA3-011
22	081617_m_27	3	PA3	2165	081617_m_27-PA3-015
22	081617_m_27	3	PA3	2166	081617_m_27-PA3-021
22	081617_m_27	3	PA3	2167	081617_m_27-PA3-023
22	081617_m_27	3	PA3	2168	081617_m_27-PA3-025
22	081617_m_27	3	PA3	2169	081617_m_27-PA3-028
22	081617_m_27	3	PA3	2170	081617_m_27-PA3-032
22	081617_m_27	3	PA3	2171	081617_m_27-PA3-038
22	081617_m_27	3	PA3	2172	081617_m_27-PA3-046
22	081617_m_27	3	PA3	2173	081617_m_27-PA3-047
22	081617_m_27	3	PA3	2174	081617_m_27-PA3-053
22	081617_m_27	3	PA3	2175	081617_m_27-PA3-054
22	081617_m_27	3	PA3	2176	081617_m_27-PA3-063
22	081617_m_27	3	PA3	2177	081617_m_27-PA3-065
22	081617_m_27	3	PA3	2178	081617_m_27-PA3-076
22	081617_m_27	3	PA3	2179	081617_m_27-PA3-078
22	081617_m_27	3	PA3	2180	081617_m_27-PA3-080
23	081714_m_36	2	PA2	2241	081714_m_36-PA2-006
23	081714_m_36	2	PA2	2242	081714_m_36-PA2-009
23	081714_m_36	2	PA2	2243	081714_m_36-PA2-011
23	081714_m_36	2	PA2	2244	081714_m_36-PA2-013
23	081714_m_36	2	PA2	2245	081714_m_36-PA2-021
23	081714_m_36	2	PA2	2246	081714_m_36-PA2-025
23	081714_m_36	2	PA2	2247	081714_m_36-PA2-027
23	081714_m_36	2	PA2	2248	081714_m_36-PA2-028
23	081714_m_36	2	PA2	2249	081714_m_36-PA2-031
23	081714_m_36	2	PA2	2250	081714_m_36-PA2-039
23	081714_m_36	2	PA2	2251	081714_m_36-PA2-040
23	081714_m_36	2	PA2	2252	081714_m_36-PA2-048
23	081714_m_36	2	PA2	2253	081714_m_36-PA2-050
23	081714_m_36	2	PA2	2254	081714_m_36-PA2-054
23	081714_m_36	2	PA2	2255	081714_m_36-PA2-060
23	081714_m_36	2	PA2	2256	081714_m_36-PA2-063
23	081714_m_36	2	PA2	2257	081714_m_36-PA2-065
23	081714_m_36	2	PA2	2258	081714_m_36-PA2-072
23	081714_m_36	2	PA2	2259	081714_m_36-PA2-073
23	081714_m_36	2	PA2	2260	081714_m_36-PA2-079
23	081714_m_36	3	PA3	2261	081714_m_36-PA3-004
23	081714_m_36	3	PA3	2262	081714_m_36-PA3-012
23	081714_m_36	3	PA3	2263	081714_m_36-PA3-014
23	081714_m_36	3	PA3	2264	081714_m_36-PA3-015
23	081714_m_36	3	PA3	2265	081714_m_36-PA3-016
23	081714_m_36	3	PA3	2266	081714_m_36-PA3-023
23	081714_m_36	3	PA3	2267	081714_m_36-PA3-030
23	081714_m_36	3	PA3	2268	081714_m_36-PA3-033
23	081714_m_36	3	PA3	2269	081714_m_36-PA3-034
23	081714_m_36	3	PA3	2270	081714_m_36-PA3-037
23	081714_m_36	3	PA3	2271	081714_m_36-PA3-038
23	081714_m_36	3	PA3	2272	081714_m_36-PA3-041
23	081714_m_36	3	PA3	2273	081714_m_36-PA3-046
23	081714_m_36	3	PA3	2274	081714_m_36-PA3-047
23	081714_m_36	3	PA3	2275	081714_m_36-PA3-052
23	081714_m_36	3	PA3	2276	081714_m_36-PA3-066
23	081714_m_36	3	PA3	2277	081714_m_36-PA3-068
23	081714_m_36	3	PA3	2278	081714_m_36-PA3-069
23	081714_m_36	3	PA3	2279	081714_m_36-PA3-074
23	081714_m_36	3	PA3	2280	081714_m_36-PA3-078
25	082109_m_53	2	PA2	2441	082109_m_53-PA2-001
25	082109_m_53	2	PA2	2442	082109_m_53-PA2-003
25	082109_m_53	2	PA2	2443	082109_m_53-PA2-006
25	082109_m_53	2	PA2	2444	082109_m_53-PA2-007
25	082109_m_53	2	PA2	2445	082109_m_53-PA2-009
25	082109_m_53	2	PA2	2446	082109_m_53-PA2-012
25	082109_m_53	2	PA2	2447	082109_m_53-PA2-013
25	082109_m_53	2	PA2	2448	082109_m_53-PA2-014
25	082109_m_53	2	PA2	2449	082109_m_53-PA2-023
25	082109_m_53	2	PA2	2450	082109_m_53-PA2-025
25	082109_m_53	2	PA2	2451	082109_m_53-PA2-028
25	082109_m_53	2	PA2	2452	082109_m_53-PA2-041
25	082109_m_53	2	PA2	2453	082109_m_53-PA2-045
25	082109_m_53	2	PA2	2454	082109_m_53-PA2-053
25	082109_m_53	2	PA2	2455	082109_m_53-PA2-056
25	082109_m_53	2	PA2	2456	082109_m_53-PA2-057
25	082109_m_53	2	PA2	2457	082109_m_53-PA2-063
25	082109_m_53	2	PA2	2458	082109_m_53-PA2-064
25	082109_m_53	2	PA2	2459	082109_m_53-PA2-068
25	082109_m_53	2	PA2	2460	082109_m_53-PA2-077
25	082109_m_53	3	PA3	2461	082109_m_53-PA3-005
25	082109_m_53	3	PA3	2462	082109_m_53-PA3-010
25	082109_m_53	3	PA3	2463	082109_m_53-PA3-015
25	082109_m_53	3	PA3	2464	082109_m_53-PA3-016
25	082109_m_53	3	PA3	2465	082109_m_53-PA3-018
25	082109_m_53	3	PA3	2466	082109_m_53-PA3-020
25	082109_m_53	3	PA3	2467	082109_m_53-PA3-021
25	082109_m_53	3	PA3	2468	082109_m_53-PA3-027
25	082109_m_53	3	PA3	2469	082109_m_53-PA3-031
25	082109_m_53	3	PA3	2470	082109_m_53-PA3-033
25	082109_m_53	3	PA3	2471	082109_m_53-PA3-034
25	082109_m_53	3	PA3	2472	082109_m_53-PA3-035
25	082109_m_53	3	PA3	2473	082109_m_53-PA3-037
25	082109_m_53	3	PA3	2474	082109_m_53-PA3-040
25	082109_m_53	3	PA3	2475	082109_m_53-PA3-046
25	082109_m_53	3	PA3	2476	082109_m_53-PA3-061
25	082109_m_53	3	PA3	2477	082109_m_53-PA3-067
25	082109_m_53	3	PA3	2478	082109_m_53-PA3-070
25	082109_m_53	3	PA3	2479	082109_m_53-PA3-073
25	082109_m_53	3	PA3	2480	082109_m_53-PA3-075
26	082208_w_45	2	PA2	2541	082208_w_45-PA2-002
26	082208_w_45	2	PA2	2542	082208_w_45-PA2-009
26	082208_w_45	2	PA2	2543	082208_w_45-PA2-011
26	082208_w_45	2	PA2	2544	082208_w_45-PA2-013
26	082208_w_45	2	PA2	2545	082208_w_45-PA2-015
26	082208_w_45	2	PA2	2546	082208_w_45-PA2-018
26	082208_w_45	2	PA2	2547	082208_w_45-PA2-019
26	082208_w_45	2	PA2	2548	082208_w_45-PA2-020
26	082208_w_45	2	PA2	2549	082208_w_45-PA2-024
26	082208_w_45	2	PA2	2550	082208_w_45-PA2-033
26	082208_w_45	2	PA2	2551	082208_w_45-PA2-041
26	082208_w_45	2	PA2	2552	082208_w_45-PA2-042
26	082208_w_45	2	PA2	2553	082208_w_45-PA2-048
26	082208_w_45	2	PA2	2554	082208_w_45-PA2-057
26	082208_w_45	2	PA2	2555	082208_w_45-PA2-058
26	082208_w_45	2	PA2	2556	082208_w_45-PA2-059
26	082208_w_45	2	PA2	2557	082208_w_45-PA2-074
26	082208_w_45	2	PA2	2558	082208_w_45-PA2-076
26	082208_w_45	2	PA2	2559	082208_w_45-PA2-077
26	082208_w_45	2	PA2	2560	082208_w_45-PA2-080
26	082208_w_45	3	PA3	2561	082208_w_45-PA3-001
26	082208_w_45	3	PA3	2562	082208_w_45-PA3-008
26	082208_w_45	3	PA3	2563	082208_w_45-PA3-016
26	082208_w_45	3	PA3	2564	082208_w_45-PA3-022
26	082208_w_45	3	PA3	2565	082208_w_45-PA3-025
26	082208_w_45	3	PA3	2566	082208_w_45-PA3-028
26	082208_w_45	3	PA3	2567	082208_w_45-PA3-029
26	082208_w_45	3	PA3	2568	082208_w_45-PA3-030
26	082208_w_45	3	PA3	2569	082208_w_45-PA3-031
26	082208_w_45	3	PA3	2570	082208_w_45-PA3-036
26	082208_w_45	3	PA3	2571	082208_w_45-PA3-037
26	082208_w_45	3	PA3	2572	082208_w_45-PA3-044
26	082208_w_45	3	PA3	2573	082208_w_45-PA3-046
26	082208_w_45	3	PA3	2574	082208_w_45-PA3-049
26	082208_w_45	3	PA3	2575	082208_w_45-PA3-051
26	082208_w_45	3	PA3	2576	082208_w_45-PA3-052
26	082208_w_45	3	PA3	2577	082208_w_45-PA3-054
26	082208_w_45	3	PA3	2578	082208_w_45-PA3-055
26	082208_w_45	3	PA3	2579	082208_w_45-PA3-067
26	082208_w_45	3	PA3	2580	082208_w_45-PA3-070
29	082714_m_22	2	PA2	2841	082714_m_22-PA2-002
29	082714_m_22	2	PA2	2842	082714_m_22-PA2-008
29	082714_m_22	2	PA2	2843	082714_m_22-PA2-010
29	082714_m_22	2	PA2	2844	082714_m_22-PA2-018
29	082714_m_22	2	PA2	2845	082714_m_22-PA2-019
29	082714_m_22	2	PA2	2846	082714_m_22-PA2-021
29	082714_m_22	2	PA2	2847	082714_m_22-PA2-024
29	082714_m_22	2	PA2	2848	082714_m_22-PA2-027
29	082714_m_22	2	PA2	2849	082714_m_22-PA2-029
29	082714_m_22	2	PA2	2850	082714_m_22-PA2-035
29	082714_m_22	2	PA2	2851	082714_m_22-PA2-040
29	082714_m_22	2	PA2	2852	082714_m_22-PA2-047
29	082714_m_22	2	PA2	2853	082714_m_22-PA2-052
29	082714_m_22	2	PA2	2854	082714_m_22-PA2-058
29	082714_m_22	2	PA2	2855	082714_m_22-PA2-065
29	082714_m_22	2	PA2	2856	082714_m_22-PA2-066
29	082714_m_22	2	PA2	2857	082714_m_22-PA2-067
29	082714_m_22	2	PA2	2858	082714_m_22-PA2-068
29	082714_m_22	2	PA2	2859	082714_m_22-PA2-069
29	082714_m_22	2	PA2	2860	082714_m_22-PA2-080
29	082714_m_22	3	PA3	2861	082714_m_22-PA3-005
29	082714_m_22	3	PA3	2862	082714_m_22-PA3-006
29	082714_m_22	3	PA3	2863	082714_m_22-PA3-012
29	082714_m_22	3	PA3	2864	082714_m_22-PA3-015
29	082714_m_22	3	PA3	2865	082714_m_22-PA3-020
29	082714_m_22	3	PA3	2866	082714_m_22-PA3-023
29	082714_m_22	3	PA3	2867	082714_m_22-PA3-026
29	082714_m_22	3	PA3	2868	082714_m_22-PA3-032
29	082714_m_22	3	PA3	2869	082714_m_22-PA3-037
29	082714_m_22	3	PA3	2870	082714_m_22-PA3-038
29	082714_m_22	3	PA3	2871	082714_m_22-PA3-039
29	082714_m_22	3	PA3	2872	082714_m_22-PA3-041
29	082714_m_22	3	PA3	2873	082714_m_22-PA3-044
29	082714_m_22	3	PA3	2874	082714_m_22-PA3-045
29	082714_m_22	3	PA3	2875	082714_m_22-PA3-046
29	082714_m_22	3	PA3	2876	082714_m_22-PA3-049
29	082714_m_22	3	PA3	2877	082714_m_22-PA3-050
29	082714_m_22	3	PA3	2878	082714_m_22-PA3-054
29	082714_m_22	3	PA3	2879	082714_m_22-PA3-070
29	082714_m_22	3	PA3	2880	082714_m_22-PA3-071
30	082809_m_26	2	PA2	2941	082809_m_26-PA2-002
30	082809_m_26	2	PA2	2942	082809_m_26-PA2-004
30	082809_m_26	2	PA2	2943	082809_m_26-PA2-012
30	082809_m_26	2	PA2	2944	082809_m_26-PA2-026
30	082809_m_26	2	PA2	2945	082809_m_26-PA2-031
30	082809_m_26	2	PA2	2946	082809_m_26-PA2-034
30	082809_m_26	2	PA2	2947	082809_m_26-PA2-036
30	082809_m_26	2	PA2	2948	082809_m_26-PA2-038
30	082809_m_26	2	PA2	2949	082809_m_26-PA2-045
30	082809_m_26	2	PA2	2950	082809_m_26-PA2-047
30	082809_m_26	2	PA2	2951	082809_m_26-PA2-049
30	082809_m_26	2	PA2	2952	082809_m_26-PA2-050
30	082809_m_26	2	PA2	2953	082809_m_26-PA2-056
30	082809_m_26	2	PA2	2954	082809_m_26-PA2-062
30	082809_m_26	2	PA2	2955	082809_m_26-PA2-064
30	082809_m_26	2	PA2	2956	082809_m_26-PA2-067
30	082809_m_26	2	PA2	2957	082809_m_26-PA2-068
30	082809_m_26	2	PA2	2958	082809_m_26-PA2-074
30	082809_m_26	2	PA2	2959	082809_m_26-PA2-079
30	082809_m_26	2	PA2	2960	082809_m_26-PA2-080
30	082809_m_26	3	PA3	2961	082809_m_26-PA3-001
30	082809_m_26	3	PA3	2962	082809_m_26-PA3-003
30	082809_m_26	3	PA3	2963	082809_m_26-PA3-013
30	082809_m_26	3	PA3	2964	082809_m_26-PA3-018
30	082809_m_26	3	PA3	2965	082809_m_26-PA3-021
30	082809_m_26	3	PA3	2966	082809_m_26-PA3-023
30	082809_m_26	3	PA3	2967	082809_m_26-PA3-024
30	082809_m_26	3	PA3	2968	082809_m_26-PA3-028
30	082809_m_26	3	PA3	2969	082809_m_26-PA3-035
30	082809_m_26	3	PA3	2970	082809_m_26-PA3-039
30	082809_m_26	3	PA3	2971	082809_m_26-PA3-040
30	082809_m_26	3	PA3	2972	082809_m_26-PA3-043
30	082809_m_26	3	PA3	2973	082809_m_26-PA3-044
30	082809_m_26	3	PA3	2974	082809_m_26-PA3-054
30	082809_m_26	3	PA3	2975	082809_m_26-PA3-055
30	082809_m_26	3	PA3	2976	082809_m_26-PA3-060
30	082809_m_26	3	PA3	2977	082809_m_26-PA3-065
30	082809_m_26	3	PA3	2978	082809_m_26-PA3-070
30	082809_m_26	3	PA3	2979	082809_m_26-PA3-072
30	082809_m_26	3	PA3	2980	082809_m_26-PA3-077
32	082909_m_47	2	PA2	3141	082909_m_47-PA2-001
32	082909_m_47	2	PA2	3142	082909_m_47-PA2-003
32	082909_m_47	2	PA2	3143	082909_m_47-PA2-004
32	082909_m_47	2	PA2	3144	082909_m_47-PA2-007
32	082909_m_47	2	PA2	3145	082909_m_47-PA2-008
32	082909_m_47	2	PA2	3146	082909_m_47-PA2-010
32	082909_m_47	2	PA2	3147	082909_m_47-PA2-012
32	082909_m_47	2	PA2	3148	082909_m_47-PA2-014
32	082909_m_47	2	PA2	3149	082909_m_47-PA2-016
32	082909_m_47	2	PA2	3150	082909_m_47-PA2-027
32	082909_m_47	2	PA2	3151	082909_m_47-PA2-043
32	082909_m_47	2	PA2	3152	082909_m_47-PA2-047
32	082909_m_47	2	PA2	3153	082909_m_47-PA2-048
32	082909_m_47	2	PA2	3154	082909_m_47-PA2-056
32	082909_m_47	2	PA2	3155	082909_m_47-PA2-059
32	082909_m_47	2	PA2	3156	082909_m_47-PA2-061
32	082909_m_47	2	PA2	3157	082909_m_47-PA2-063
32	082909_m_47	2	PA2	3158	082909_m_47-PA2-064
32	082909_m_47	2	PA2	3159	082909_m_47-PA2-068
32	082909_m_47	2	PA2	3160	082909_m_47-PA2-070
32	082909_m_47	3	PA3	3161	082909_m_47-PA3-002
32	082909_m_47	3	PA3	3162	082909_m_47-PA3-006
32	082909_m_47	3	PA3	3163	082909_m_47-PA3-017
32	082909_m_47	3	PA3	3164	082909_m_47-PA3-019
32	082909_m_47	3	PA3	3165	082909_m_47-PA3-021
32	082909_m_47	3	PA3	3166	082909_m_47-PA3-023
32	082909_m_47	3	PA3	3167	082909_m_47-PA3-033
32	082909_m_47	3	PA3	3168	082909_m_47-PA3-037
32	082909_m_47	3	PA3	3169	082909_m_47-PA3-039
32	082909_m_47	3	PA3	3170	082909_m_47-PA3-044
32	082909_m_47	3	PA3	3171	082909_m_47-PA3-046
32	082909_m_47	3	PA3	3172	082909_m_47-PA3-049
32	082909_m_47	3	PA3	3173	082909_m_47-PA3-050
32	082909_m_47	3	PA3	3174	082909_m_47-PA3-052
32	082909_m_47	3	PA3	3175	082909_m_47-PA3-055
32	082909_m_47	3	PA3	3176	082909_m_47-PA3-058
32	082909_m_47	3	PA3	3177	082909_m_47-PA3-065
32	082909_m_47	3	PA3	3178	082909_m_47-PA3-069
32	082909_m_47	3	PA3	3179	082909_m_47-PA3-073
32	082909_m_47	3	PA3	3180	082909_m_47-PA3-079
35	083109_m_60	2	PA2	3441	083109_m_60-PA2-002
35	083109_m_60	2	PA2	3442	083109_m_60-PA2-006
35	083109_m_60	2	PA2	3443	083109_m_60-PA2-008
35	083109_m_60	2	PA2	3444	083109_m_60-PA2-011
35	083109_m_60	2	PA2	3445	083109_m_60-PA2-021
35	083109_m_60	2	PA2	3446	083109_m_60-PA2-025
35	083109_m_60	2	PA2	3447	083109_m_60-PA2-031
35	083109_m_60	2	PA2	3448	083109_m_60-PA2-032
35	083109_m_60	2	PA2	3449	083109_m_60-PA2-042
35	083109_m_60	2	PA2	3450	083109_m_60-PA2-044
35	083109_m_60	2	PA2	3451	083109_m_60-PA2-051
35	083109_m_60	2	PA2	3452	083109_m_60-PA2-054
35	083109_m_60	2	PA2	3453	083109_m_60-PA2-055
35	083109_m_60	2	PA2	3454	083109_m_60-PA2-056
35	083109_m_60	2	PA2	3455	083109_m_60-PA2-060
35	083109_m_60	2	PA2	3456	083109_m_60-PA2-063
35	083109_m_60	2	PA2	3457	083109_m_60-PA2-067
35	083109_m_60	2	PA2	3458	083109_m_60-PA2-071
35	083109_m_60	2	PA2	3459	083109_m_60-PA2-072
35	083109_m_60	2	PA2	3460	083109_m_60-PA2-077
35	083109_m_60	3	PA3	3461	083109_m_60-PA3-001
35	083109_m_60	3	PA3	3462	083109_m_60-PA3-007
35	083109_m_60	3	PA3	3463	083109_m_60-PA3-009
35	083109_m_60	3	PA3	3464	083109_m_60-PA3-010
35	083109_m_60	3	PA3	3465	083109_m_60-PA3-012
35	083109_m_60	3	PA3	3466	083109_m_60-PA3-013
35	083109_m_60	3	PA3	3467	083109_m_60-PA3-015
35	083109_m_60	3	PA3	3468	083109_m_60-PA3-020
35	083109_m_60	3	PA3	3469	083109_m_60-PA3-026
35	083109_m_60	3	PA3	3470	083109_m_60-PA3-028
35	083109_m_60	3	PA3	3471	083109_m_60-PA3-030
35	083109_m_60	3	PA3	3472	083109_m_60-PA3-034
35	083109_m_60	3	PA3	3473	083109_m_60-PA3-037
35	083109_m_60	3	PA3	3474	083109_m_60-PA3-046
35	083109_m_60	3	PA3	3475	083109_m_60-PA3-048
35	083109_m_60	3	PA3	3476	083109_m_60-PA3-052
35	083109_m_60	3	PA3	3477	083109_m_60-PA3-057
35	083109_m_60	3	PA3	3478	083109_m_60-PA3-058
35	083109_m_60	3	PA3	3479	083109_m_60-PA3-075
35	083109_m_60	3	PA3	3480	083109_m_60-PA3-079
39	091914_m_46	2	PA2	3841	091914_m_46-PA2-011
39	091914_m_46	2	PA2	3842	091914_m_46-PA2-012
39	091914_m_46	2	PA2	3843	091914_m_46-PA2-017
39	091914_m_46	2	PA2	3844	091914_m_46-PA2-018
39	091914_m_46	2	PA2	3845	091914_m_46-PA2-019
39	091914_m_46	2	PA2	3846	091914_m_46-PA2-021
39	091914_m_46	2	PA2	3847	091914_m_46-PA2-023
39	091914_m_46	2	PA2	3848	091914_m_46-PA2-033
39	091914_m_46	2	PA2	3849	091914_m_46-PA2-034
39	091914_m_46	2	PA2	3850	091914_m_46-PA2-036
39	091914_m_46	2	PA2	3851	091914_m_46-PA2-044
39	091914_m_46	2	PA2	3852	091914_m_46-PA2-048
39	091914_m_46	2	PA2	3853	091914_m_46-PA2-049
39	091914_m_46	2	PA2	3854	091914_m_46-PA2-055
39	091914_m_46	2	PA2	3855	091914_m_46-PA2-059
39	091914_m_46	2	PA2	3856	091914_m_46-PA2-060
39	091914_m_46	2	PA2	3857	091914_m_46-PA2-069
39	091914_m_46	2	PA2	3858	091914_m_46-PA2-072
39	091914_m_46	2	PA2	3859	091914_m_46-PA2-074
39	091914_m_46	2	PA2	3860	091914_m_46-PA2-075
39	091914_m_46	3	PA3	3861	091914_m_46-PA3-006
39	091914_m_46	3	PA3	3862	091914_m_46-PA3-007
39	091914_m_46	3	PA3	3863	091914_m_46-PA3-009
39	091914_m_46	3	PA3	3864	091914_m_46-PA3-010
39	091914_m_46	3	PA3	3865	091914_m_46-PA3-015
39	091914_m_46	3	PA3	3866	091914_m_46-PA3-016
39	091914_m_46	3	PA3	3867	091914_m_46-PA3-020
39	091914_m_46	3	PA3	3868	091914_m_46-PA3-025
39	091914_m_46	3	PA3	3869	091914_m_46-PA3-028
39	091914_m_46	3	PA3	3870	091914_m_46-PA3-029
39	091914_m_46	3	PA3	3871	091914_m_46-PA3-038
39	091914_m_46	3	PA3	3872	091914_m_46-PA3-043
39	091914_m_46	3	PA3	3873	091914_m_46-PA3-045
39	091914_m_46	3	PA3	3874	091914_m_46-PA3-047
39	091914_m_46	3	PA3	3875	091914_m_46-PA3-050
39	091914_m_46	3	PA3	3876	091914_m_46-PA3-053
39	091914_m_46	3	PA3	3877	091914_m_46-PA3-058
39	091914_m_46	3	PA3	3878	091914_m_46-PA3-065
39	091914_m_46	3	PA3	3879	091914_m_46-PA3-067
39	091914_m_46	3	PA3	3880	091914_m_46-PA3-073
45	092808_m_51	2	PA2	4441	092808_m_51-PA2-002
45	092808_m_51	2	PA2	4442	092808_m_51-PA2-003
45	092808_m_51	2	PA2	4443	092808_m_51-PA2-005
45	092808_m_51	2	PA2	4444	092808_m_51-PA2-006
45	092808_m_51	2	PA2	4445	092808_m_51-PA2-008
45	092808_m_51	2	PA2	4446	092808_m_51-PA2-009
45	092808_m_51	2	PA2	4447	092808_m_51-PA2-010
45	092808_m_51	2	PA2	4448	092808_m_51-PA2-011
45	092808_m_51	2	PA2	4449	092808_m_51-PA2-015
45	092808_m_51	2	PA2	4450	092808_m_51-PA2-023
45	092808_m_51	2	PA2	4451	092808_m_51-PA2-026
45	092808_m_51	2	PA2	4452	092808_m_51-PA2-028
45	092808_m_51	2	PA2	4453	092808_m_51-PA2-029
45	092808_m_51	2	PA2	4454	092808_m_51-PA2-030
45	092808_m_51	2	PA2	4455	092808_m_51-PA2-042
45	092808_m_51	2	PA2	4456	092808_m_51-PA2-058
45	092808_m_51	2	PA2	4457	092808_m_51-PA2-065
45	092808_m_51	2	PA2	4458	092808_m_51-PA2-073
45	092808_m_51	2	PA2	4459	092808_m_51-PA2-074
45	092808_m_51	2	PA2	4460	092808_m_51-PA2-079
45	092808_m_51	3	PA3	4461	092808_m_51-PA3-001
45	092808_m_51	3	PA3	4462	092808_m_51-PA3-007
45	092808_m_51	3	PA3	4463	092808_m_51-PA3-012
45	092808_m_51	3	PA3	4464	092808_m_51-PA3-014
45	092808_m_51	3	PA3	4465	092808_m_51-PA3-017
45	092808_m_51	3	PA3	4466	092808_m_51-PA3-019
45	092808_m_51	3	PA3	4467	092808_m_51-PA3-021
45	092808_m_51	3	PA3	4468	092808_m_51-PA3-022
45	092808_m_51	3	PA3	4469	092808_m_51-PA3-034
45	092808_m_51	3	PA3	4470	092808_m_51-PA3-041
45	092808_m_51	3	PA3	4471	092808_m_51-PA3-044
45	092808_m_51	3	PA3	4472	092808_m_51-PA3-045
45	092808_m_51	3	PA3	4473	092808_m_51-PA3-049
45	092808_m_51	3	PA3	4474	092808_m_51-PA3-052
45	092808_m_51	3	PA3	4475	092808_m_51-PA3-061
45	092808_m_51	3	PA3	4476	092808_m_51-PA3-067
45	092808_m_51	3	PA3	4477	092808_m_51-PA3-068
45	092808_m_51	3	PA3	4478	092808_m_51-PA3-069
45	092808_m_51	3	PA3	4479	092808_m_51-PA3-075
45	092808_m_51	3	PA3	4480	092808_m_51-PA3-080
49	100417_m_44	2	PA2	4841	100417_m_44-PA2-001
49	100417_m_44	2	PA2	4842	100417_m_44-PA2-006
49	100417_m_44	2	PA2	4843	100417_m_44-PA2-008
49	100417_m_44	2	PA2	4844	100417_m_44-PA2-009
49	100417_m_44	2	PA2	4845	100417_m_44-PA2-010
49	100417_m_44	2	PA2	4846	100417_m_44-PA2-011
49	100417_m_44	2	PA2	4847	100417_m_44-PA2-014
49	100417_m_44	2	PA2	4848	100417_m_44-PA2-015
49	100417_m_44	2	PA2	4849	100417_m_44-PA2-017
49	100417_m_44	2	PA2	4850	100417_m_44-PA2-019
49	100417_m_44	2	PA2	4851	100417_m_44-PA2-024
49	100417_m_44	2	PA2	4852	100417_m_44-PA2-025
49	100417_m_44	2	PA2	4853	100417_m_44-PA2-026
49	100417_m_44	2	PA2	4854	100417_m_44-PA2-028
49	100417_m_44	2	PA2	4855	100417_m_44-PA2-031
49	100417_m_44	2	PA2	4856	100417_m_44-PA2-033
49	100417_m_44	2	PA2	4857	100417_m_44-PA2-035
49	100417_m_44	2	PA2	4858	100417_m_44-PA2-036
49	100417_m_44	2	PA2	4859	100417_m_44-PA2-037
49	100417_m_44	2	PA2	4860	100417_m_44-PA2-038
49	100417_m_44	3	PA3	4861	100417_m_44-PA3-042
49	100417_m_44	3	PA3	4862	100417_m_44-PA3-043
49	100417_m_44	3	PA3	4863	100417_m_44-PA3-044
49	100417_m_44	3	PA3	4864	100417_m_44-PA3-045
49	100417_m_44	3	PA3	4865	100417_m_44-PA3-047
49	100417_m_44	3	PA3	4866	100417_m_44-PA3-052
49	100417_m_44	3	PA3	4867	100417_m_44-PA3-053
49	100417_m_44	3	PA3	4868	100417_m_44-PA3-056
49	100417_m_44	3	PA3	4869	100417_m_44-PA3-058
49	100417_m_44	3	PA3	4870	100417_m_44-PA3-060
49	100417_m_44	3	PA3	4871	100417_m_44-PA3-061
49	100417_m_44	3	PA3	4872	100417_m_44-PA3-062
49	100417_m_44	3	PA3	4873	100417_m_44-PA3-063
49	100417_m_44	3	PA3	4874	100417_m_44-PA3-067
49	100417_m_44	3	PA3	4875	100417_m_44-PA3-069
49	100417_m_44	3	PA3	4876	100417_m_44-PA3-070
49	100417_m_44	3	PA3	4877	100417_m_44-PA3-072
49	100417_m_44	3	PA3	4878	100417_m_44-PA3-074
49	100417_m_44	3	PA3	4879	100417_m_44-PA3-079
49	100417_m_44	3	PA3	4880	100417_m_44-PA3-080
52	100909_w_65	2	PA2	5141	100909_w_65-PA2-001
52	100909_w_65	2	PA2	5142	100909_w_65-PA2-005
52	100909_w_65	2	PA2	5143	100909_w_65-PA2-007
52	100909_w_65	2	PA2	5144	100909_w_65-PA2-009
52	100909_w_65	2	PA2	5145	100909_w_65-PA2-011
52	100909_w_65	2	PA2	5146	100909_w_65-PA2-014
52	100909_w_65	2	PA2	5147	100909_w_65-PA2-015
52	100909_w_65	2	PA2	5148	100909_w_65-PA2-016
52	100909_w_65	2	PA2	5149	100909_w_65-PA2-017
52	100909_w_65	2	PA2	5150	100909_w_65-PA2-018
52	100909_w_65	2	PA2	5151	100909_w_65-PA2-021
52	100909_w_65	2	PA2	5152	100909_w_65-PA2-024
52	100909_w_65	2	PA2	5153	100909_w_65-PA2-027
52	100909_w_65	2	PA2	5154	100909_w_65-PA2-028
52	100909_w_65	2	PA2	5155	100909_w_65-PA2-030
52	100909_w_65	2	PA2	5156	100909_w_65-PA2-031
52	100909_w_65	2	PA2	5157	100909_w_65-PA2-032
52	100909_w_65	2	PA2	5158	100909_w_65-PA2-033
52	100909_w_65	2	PA2	5159	100909_w_65-PA2-036
52	100909_w_65	2	PA2	5160	100909_w_65-PA2-038
52	100909_w_65	3	PA3	5161	100909_w_65-PA3-042
52	100909_w_65	3	PA3	5162	100909_w_65-PA3-043
52	100909_w_65	3	PA3	5163	100909_w_65-PA3-044
52	100909_w_65	3	PA3	5164	100909_w_65-PA3-046
52	100909_w_65	3	PA3	5165	100909_w_65-PA3-048
52	100909_w_65	3	PA3	5166	100909_w_65-PA3-050
52	100909_w_65	3	PA3	5167	100909_w_65-PA3-052
52	100909_w_65	3	PA3	5168	100909_w_65-PA3-053
52	100909_w_65	3	PA3	5169	100909_w_65-PA3-059
52	100909_w_65	3	PA3	5170	100909_w_65-PA3-060
52	100909_w_65	3	PA3	5171	100909_w_65-PA3-062
52	100909_w_65	3	PA3	5172	100909_w_65-PA3-063
52	100909_w_65	3	PA3	5173	100909_w_65-PA3-065
52	100909_w_65	3	PA3	5174	100909_w_65-PA3-066
52	100909_w_65	3	PA3	5175	100909_w_65-PA3-069
52	100909_w_65	3	PA3	5176	100909_w_65-PA3-074
52	100909_w_65	3	PA3	5177	100909_w_65-PA3-075
52	100909_w_65	3	PA3	5178	100909_w_65-PA3-077
52	100909_w_65	3	PA3	5179	100909_w_65-PA3-079
52	100909_w_65	3	PA3	5180	100909_w_65-PA3-080
55	101114_w_37	2	PA2	5441	101114_w_37-PA2-002
55	101114_w_37	2	PA2	5442	101114_w_37-PA2-006
55	101114_w_37	2	PA2	5443	101114_w_37-PA2-007
55	101114_w_37	2	PA2	5444	101114_w_37-PA2-008
55	101114_w_37	2	PA2	5445	101114_w_37-PA2-009
55	101114_w_37	2	PA2	5446	101114_w_37-PA2-010
55	101114_w_37	2	PA2	5447	101114_w_37-PA2-011
55	101114_w_37	2	PA2	5448	101114_w_37-PA2-012
55	101114_w_37	2	PA2	5449	101114_w_37-PA2-014
55	101114_w_37	2	PA2	5450	101114_w_37-PA2-016
55	101114_w_37	2	PA2	5451	101114_w_37-PA2-017
55	101114_w_37	2	PA2	5452	101114_w_37-PA2-019
55	101114_w_37	2	PA2	5453	101114_w_37-PA2-022
55	101114_w_37	2	PA2	5454	101114_w_37-PA2-025
55	101114_w_37	2	PA2	5455	101114_w_37-PA2-026
55	101114_w_37	2	PA2	5456	101114_w_37-PA2-027
55	101114_w_37	2	PA2	5457	101114_w_37-PA2-028
55	101114_w_37	2	PA2	5458	101114_w_37-PA2-031
55	101114_w_37	2	PA2	5459	101114_w_37-PA2-036
55	101114_w_37	2	PA2	5460	101114_w_37-PA2-040
55	101114_w_37	3	PA3	5461	101114_w_37-PA3-041
55	101114_w_37	3	PA3	5462	101114_w_37-PA3-043
55	101114_w_37	3	PA3	5463	101114_w_37-PA3-044
55	101114_w_37	3	PA3	5464	101114_w_37-PA3-045
55	101114_w_37	3	PA3	5465	101114_w_37-PA3-053
55	101114_w_37	3	PA3	5466	101114_w_37-PA3-055
55	101114_w_37	3	PA3	5467	101114_w_37-PA3-058
55	101114_w_37	3	PA3	5468	101114_w_37-PA3-060
55	101114_w_37	3	PA3	5469	101114_w_37-PA3-061
55	101114_w_37	3	PA3	5470	101114_w_37-PA3-063
55	101114_w_37	3	PA3	5471	101114_w_37-PA3-064
55	101114_w_37	3	PA3	5472	101114_w_37-PA3-069
55	101114_w_37	3	PA3	5473	101114_w_37-PA3-070
55	101114_w_37	3	PA3	5474	101114_w_37-PA3-072
55	101114_w_37	3	PA3	5475	101114_w_37-PA3-073
55	101114_w_37	3	PA3	5476	101114_w_37-PA3-074
55	101114_w_37	3	PA3	5477	101114_w_37-PA3-075
55	101114_w_37	3	PA3	5478	101114_w_37-PA3-077
55	101114_w_37	3	PA3	5479	101114_w_37-PA3-078
55	101114_w_37	3	PA3	5480	101114_w_37-PA3-079
58	101309_m_48	2	PA2	5741	101309_m_48-PA2-003
58	101309_m_48	2	PA2	5742	101309_m_48-PA2-009
58	101309_m_48	2	PA2	5743	101309_m_48-PA2-010
58	101309_m_48	2	PA2	5744	101309_m_48-PA2-011
58	101309_m_48	2	PA2	5745	101309_m_48-PA2-013
58	101309_m_48	2	PA2	5746	101309_m_48-PA2-015
58	101309_m_48	2	PA2	5747	101309_m_48-PA2-019
58	101309_m_48	2	PA2	5748	101309_m_48-PA2-031
58	101309_m_48	2	PA2	5749	101309_m_48-PA2-035
58	101309_m_48	2	PA2	5750	101309_m_48-PA2-042
58	101309_m_48	2	PA2	5751	101309_m_48-PA2-043
58	101309_m_48	2	PA2	5752	101309_m_48-PA2-044
58	101309_m_48	2	PA2	5753	101309_m_48-PA2-048
58	101309_m_48	2	PA2	5754	101309_m_48-PA2-053
58	101309_m_48	2	PA2	5755	101309_m_48-PA2-060
58	101309_m_48	2	PA2	5756	101309_m_48-PA2-062
58	101309_m_48	2	PA2	5757	101309_m_48-PA2-064
58	101309_m_48	2	PA2	5758	101309_m_48-PA2-068
58	101309_m_48	2	PA2	5759	101309_m_48-PA2-069
58	101309_m_48	2	PA2	5760	101309_m_48-PA2-076
58	101309_m_48	3	PA3	5761	101309_m_48-PA3-004
58	101309_m_48	3	PA3	5762	101309_m_48-PA3-007
58	101309_m_48	3	PA3	5763	101309_m_48-PA3-021
58	101309_m_48	3	PA3	5764	101309_m_48-PA3-026
58	101309_m_48	3	PA3	5765	101309_m_48-PA3-032
58	101309_m_48	3	PA3	5766	101309_m_48-PA3-036
58	101309_m_48	3	PA3	5767	101309_m_48-PA3-038
58	101309_m_48	3	PA3	5768	101309_m_48-PA3-039
58	101309_m_48	3	PA3	5769	101309_m_48-PA3-041
58	101309_m_48	3	PA3	5770	101309_m_48-PA3-045
58	101309_m_48	3	PA3	5771	101309_m_48-PA3-049
58	101309_m_48	3	PA3	5772	101309_m_48-PA3-050
58	101309_m_48	3	PA3	5773	101309_m_48-PA3-052
58	101309_m_48	3	PA3	5774	101309_m_48-PA3-058
58	101309_m_48	3	PA3	5775	101309_m_48-PA3-059
58	101309_m_48	3	PA3	5776	101309_m_48-PA3-063
58	101309_m_48	3	PA3	5777	101309_m_48-PA3-066
58	101309_m_48	3	PA3	5778	101309_m_48-PA3-070
58	101309_m_48	3	PA3	5779	101309_m_48-PA3-078
58	101309_m_48	3	PA3	5780	101309_m_48-PA3-080
60	101609_m_36	2	PA2	5941	101609_m_36-PA2-001
60	101609_m_36	2	PA2	5942	101609_m_36-PA2-004
60	101609_m_36	2	PA2	5943	101609_m_36-PA2-005
60	101609_m_36	2	PA2	5944	101609_m_36-PA2-012
60	101609_m_36	2	PA2	5945	101609_m_36-PA2-017
60	101609_m_36	2	PA2	5946	101609_m_36-PA2-018
60	101609_m_36	2	PA2	5947	101609_m_36-PA2-023
60	101609_m_36	2	PA2	5948	101609_m_36-PA2-025
60	101609_m_36	2	PA2	5949	101609_m_36-PA2-029
60	101609_m_36	2	PA2	5950	101609_m_36-PA2-036
60	101609_m_36	2	PA2	5951	101609_m_36-PA2-037
60	101609_m_36	2	PA2	5952	101609_m_36-PA2-040
60	101609_m_36	2	PA2	5953	101609_m_36-PA2-042
60	101609_m_36	2	PA2	5954	101609_m_36-PA2-053
60	101609_m_36	2	PA2	5955	101609_m_36-PA2-057
60	101609_m_36	2	PA2	5956	101609_m_36-PA2-060
60	101609_m_36	2	PA2	5957	101609_m_36-PA2-064
60	101609_m_36	2	PA2	5958	101609_m_36-PA2-072
60	101609_m_36	2	PA2	5959	101609_m_36-PA2-075
60	101609_m_36	2	PA2	5960	101609_m_36-PA2-078
60	101609_m_36	3	PA3	5961	101609_m_36-PA3-003
60	101609_m_36	3	PA3	5962	101609_m_36-PA3-009
60	101609_m_36	3	PA3	5963	101609_m_36-PA3-020
60	101609_m_36	3	PA3	5964	101609_m_36-PA3-022
60	101609_m_36	3	PA3	5965	101609_m_36-PA3-024
60	101609_m_36	3	PA3	5966	101609_m_36-PA3-033
60	101609_m_36	3	PA3	5967	101609_m_36-PA3-044
60	101609_m_36	3	PA3	5968	101609_m_36-PA3-045
60	101609_m_36	3	PA3	5969	101609_m_36-PA3-046
60	101609_m_36	3	PA3	5970	101609_m_36-PA3-049
60	101609_m_36	3	PA3	5971	101609_m_36-PA3-050
60	101609_m_36	3	PA3	5972	101609_m_36-PA3-054
60	101609_m_36	3	PA3	5973	101609_m_36-PA3-055
60	101609_m_36	3	PA3	5974	101609_m_36-PA3-056
60	101609_m_36	3	PA3	5975	101609_m_36-PA3-063
60	101609_m_36	3	PA3	5976	101609_m_36-PA3-068
60	101609_m_36	3	PA3	5977	101609_m_36-PA3-070
60	101609_m_36	3	PA3	5978	101609_m_36-PA3-071
60	101609_m_36	3	PA3	5979	101609_m_36-PA3-073
60	101609_m_36	3	PA3	5980	101609_m_36-PA3-077
63	101908_m_61	2	PA2	6241	101908_m_61-PA2-003
63	101908_m_61	2	PA2	6242	101908_m_61-PA2-005
63	101908_m_61	2	PA2	6243	101908_m_61-PA2-006
63	101908_m_61	2	PA2	6244	101908_m_61-PA2-012
63	101908_m_61	2	PA2	6245	101908_m_61-PA2-014
63	101908_m_61	2	PA2	6246	101908_m_61-PA2-015
63	101908_m_61	2	PA2	6247	101908_m_61-PA2-019
63	101908_m_61	2	PA2	6248	101908_m_61-PA2-026
63	101908_m_61	2	PA2	6249	101908_m_61-PA2-027
63	101908_m_61	2	PA2	6250	101908_m_61-PA2-028
63	101908_m_61	2	PA2	6251	101908_m_61-PA2-029
63	101908_m_61	2	PA2	6252	101908_m_61-PA2-032
63	101908_m_61	2	PA2	6253	101908_m_61-PA2-037
63	101908_m_61	2	PA2	6254	101908_m_61-PA2-038
63	101908_m_61	2	PA2	6255	101908_m_61-PA2-039
63	101908_m_61	2	PA2	6256	101908_m_61-PA2-046
63	101908_m_61	2	PA2	6257	101908_m_61-PA2-053
63	101908_m_61	2	PA2	6258	101908_m_61-PA2-058
63	101908_m_61	2	PA2	6259	101908_m_61-PA2-062
63	101908_m_61	2	PA2	6260	101908_m_61-PA2-063
63	101908_m_61	3	PA3	6261	101908_m_61-PA3-002
63	101908_m_61	3	PA3	6262	101908_m_61-PA3-009
63	101908_m_61	3	PA3	6263	101908_m_61-PA3-013
63	101908_m_61	3	PA3	6264	101908_m_61-PA3-016
63	101908_m_61	3	PA3	6265	101908_m_61-PA3-020
63	101908_m_61	3	PA3	6266	101908_m_61-PA3-034
63	101908_m_61	3	PA3	6267	101908_m_61-PA3-044
63	101908_m_61	3	PA3	6268	101908_m_61-PA3-047
63	101908_m_61	3	PA3	6269	101908_m_61-PA3-050
63	101908_m_61	3	PA3	6270	101908_m_61-PA3-051
63	101908_m_61	3	PA3	6271	101908_m_61-PA3-055
63	101908_m_61	3	PA3	6272	101908_m_61-PA3-059
63	101908_m_61	3	PA3	6273	101908_m_61-PA3-064
63	101908_m_61	3	PA3	6274	101908_m_61-PA3-066
63	101908_m_61	3	PA3	6275	101908_m_61-PA3-069
63	101908_m_61	3	PA3	6276	101908_m_61-PA3-075
63	101908_m_61	3	PA3	6277	101908_m_61-PA3-076
63	101908_m_61	3	PA3	6278	101908_m_61-PA3-078
63	101908_m_61	3	PA3	6279	101908_m_61-PA3-079
63	101908_m_61	3	PA3	6280	101908_m_61-PA3-080
65	102008_w_22	2	PA2	6441	102008_w_22-PA2-011
65	102008_w_22	2	PA2	6442	102008_w_22-PA2-012
65	102008_w_22	2	PA2	6443	102008_w_22-PA2-013
65	102008_w_22	2	PA2	6444	102008_w_22-PA2-015
65	102008_w_22	2	PA2	6445	102008_w_22-PA2-016
65	102008_w_22	2	PA2	6446	102008_w_22-PA2-025
65	102008_w_22	2	PA2	6447	102008_w_22-PA2-035
65	102008_w_22	2	PA2	6448	102008_w_22-PA2-042
65	102008_w_22	2	PA2	6449	102008_w_22-PA2-045
65	102008_w_22	2	PA2	6450	102008_w_22-PA2-046
65	102008_w_22	2	PA2	6451	102008_w_22-PA2-049
65	102008_w_22	2	PA2	6452	102008_w_22-PA2-063
65	102008_w_22	2	PA2	6453	102008_w_22-PA2-064
65	102008_w_22	2	PA2	6454	102008_w_22-PA2-068
65	102008_w_22	2	PA2	6455	102008_w_22-PA2-070
65	102008_w_22	2	PA2	6456	102008_w_22-PA2-071
65	102008_w_22	2	PA2	6457	102008_w_22-PA2-072
65	102008_w_22	2	PA2	6458	102008_w_22-PA2-073
65	102008_w_22	2	PA2	6459	102008_w_22-PA2-077
65	102008_w_22	2	PA2	6460	102008_w_22-PA2-079
65	102008_w_22	3	PA3	6461	102008_w_22-PA3-006
65	102008_w_22	3	PA3	6462	102008_w_22-PA3-007
65	102008_w_22	3	PA3	6463	102008_w_22-PA3-010
65	102008_w_22	3	PA3	6464	102008_w_22-PA3-017
65	102008_w_22	3	PA3	6465	102008_w_22-PA3-021
65	102008_w_22	3	PA3	6466	102008_w_22-PA3-024
65	102008_w_22	3	PA3	6467	102008_w_22-PA3-027
65	102008_w_22	3	PA3	6468	102008_w_22-PA3-028
65	102008_w_22	3	PA3	6469	102008_w_22-PA3-037
65	102008_w_22	3	PA3	6470	102008_w_22-PA3-039
65	102008_w_22	3	PA3	6471	102008_w_22-PA3-043
65	102008_w_22	3	PA3	6472	102008_w_22-PA3-044
65	102008_w_22	3	PA3	6473	102008_w_22-PA3-051
65	102008_w_22	3	PA3	6474	102008_w_22-PA3-053
65	102008_w_22	3	PA3	6475	102008_w_22-PA3-058
65	102008_w_22	3	PA3	6476	102008_w_22-PA3-060
65	102008_w_22	3	PA3	6477	102008_w_22-PA3-065
65	102008_w_22	3	PA3	6478	102008_w_22-PA3-067
65	102008_w_22	3	PA3	6479	102008_w_22-PA3-075
65	102008_w_22	3	PA3	6480	102008_w_22-PA3-076
70	102514_w_40	2	PA2	6941	102514_w_40-PA2-005
70	102514_w_40	2	PA2	6942	102514_w_40-PA2-006
70	102514_w_40	2	PA2	6943	102514_w_40-PA2-012
70	102514_w_40	2	PA2	6944	102514_w_40-PA2-013
70	102514_w_40	2	PA2	6945	102514_w_40-PA2-015
70	102514_w_40	2	PA2	6946	102514_w_40-PA2-017
70	102514_w_40	2	PA2	6947	102514_w_40-PA2-018
70	102514_w_40	2	PA2	6948	102514_w_40-PA2-019
70	102514_w_40	2	PA2	6949	102514_w_40-PA2-021
70	102514_w_40	2	PA2	6950	102514_w_40-PA2-029
70	102514_w_40	2	PA2	6951	102514_w_40-PA2-034
70	102514_w_40	2	PA2	6952	102514_w_40-PA2-038
70	102514_w_40	2	PA2	6953	102514_w_40-PA2-042
70	102514_w_40	2	PA2	6954	102514_w_40-PA2-046
70	102514_w_40	2	PA2	6955	102514_w_40-PA2-054
70	102514_w_40	2	PA2	6956	102514_w_40-PA2-063
70	102514_w_40	2	PA2	6957	102514_w_40-PA2-066
70	102514_w_40	2	PA2	6958	102514_w_40-PA2-073
70	102514_w_40	2	PA2	6959	102514_w_40-PA2-079
70	102514_w_40	2	PA2	6960	102514_w_40-PA2-080
70	102514_w_40	3	PA3	6961	102514_w_40-PA3-001
70	102514_w_40	3	PA3	6962	102514_w_40-PA3-008
70	102514_w_40	3	PA3	6963	102514_w_40-PA3-022
70	102514_w_40	3	PA3	6964	102514_w_40-PA3-025
70	102514_w_40	3	PA3	6965	102514_w_40-PA3-026
70	102514_w_40	3	PA3	6966	102514_w_40-PA3-032
70	102514_w_40	3	PA3	6967	102514_w_40-PA3-036
70	102514_w_40	3	PA3	6968	102514_w_40-PA3-047
70	102514_w_40	3	PA3	6969	102514_w_40-PA3-048
70	102514_w_40	3	PA3	6970	102514_w_40-PA3-049
70	102514_w_40	3	PA3	6971	102514_w_40-PA3-051
70	102514_w_40	3	PA3	6972	102514_w_40-PA3-060
70	102514_w_40	3	PA3	6973	102514_w_40-PA3-064
70	102514_w_40	3	PA3	6974	102514_w_40-PA3-065
70	102514_w_40	3	PA3	6975	102514_w_40-PA3-067
70	102514_w_40	3	PA3	6976	102514_w_40-PA3-069
70	102514_w_40	3	PA3	6977	102514_w_40-PA3-070
70	102514_w_40	3	PA3	6978	102514_w_40-PA3-071
70	102514_w_40	3	PA3	6979	102514_w_40-PA3-075
70	102514_w_40	3	PA3	6980	102514_w_40-PA3-076
72	110810_m_62	2	PA2	7141	110810_m_62-PA2-003
72	110810_m_62	2	PA2	7142	110810_m_62-PA2-016
72	110810_m_62	2	PA2	7143	110810_m_62-PA2-017
72	110810_m_62	2	PA2	7144	110810_m_62-PA2-018
72	110810_m_62	2	PA2	7145	110810_m_62-PA2-021
72	110810_m_62	2	PA2	7146	110810_m_62-PA2-026
72	110810_m_62	2	PA2	7147	110810_m_62-PA2-027
72	110810_m_62	2	PA2	7148	110810_m_62-PA2-029
72	110810_m_62	2	PA2	7149	110810_m_62-PA2-035
72	110810_m_62	2	PA2	7150	110810_m_62-PA2-044
72	110810_m_62	2	PA2	7151	110810_m_62-PA2-046
72	110810_m_62	2	PA2	7152	110810_m_62-PA2-050
72	110810_m_62	2	PA2	7153	110810_m_62-PA2-058
72	110810_m_62	2	PA2	7154	110810_m_62-PA2-060
72	110810_m_62	2	PA2	7155	110810_m_62-PA2-061
72	110810_m_62	2	PA2	7156	110810_m_62-PA2-066
72	110810_m_62	2	PA2	7157	110810_m_62-PA2-074
72	110810_m_62	2	PA2	7158	110810_m_62-PA2-075
72	110810_m_62	2	PA2	7159	110810_m_62-PA2-077
72	110810_m_62	2	PA2	7160	110810_m_62-PA2-080
72	110810_m_62	3	PA3	7161	110810_m_62-PA3-005
72	110810_m_62	3	PA3	7162	110810_m_62-PA3-006
72	110810_m_62	3	PA3	7163	110810_m_62-PA3-007
72	110810_m_62	3	PA3	7164	110810_m_62-PA3-010
72	110810_m_62	3	PA3	7165	110810_m_62-PA3-013
72	110810_m_62	3	PA3	7166	110810_m_62-PA3-019
72	110810_m_62	3	PA3	7167	110810_m_62-PA3-028
72	110810_m_62	3	PA3	7168	110810_m_62-PA3-032
72	110810_m_62	3	PA3	7169	110810_m_62-PA3-037
72	110810_m_62	3	PA3	7170	110810_m_62-PA3-039
72	110810_m_62	3	PA3	7171	110810_m_62-PA3-041
72	110810_m_62	3	PA3	7172	110810_m_62-PA3-043
72	110810_m_62	3	PA3	7173	110810_m_62-PA3-048
72	110810_m_62	3	PA3	7174	110810_m_62-PA3-053
72	110810_m_62	3	PA3	7175	110810_m_62-PA3-054
72	110810_m_62	3	PA3	7176	110810_m_62-PA3-056
72	110810_m_62	3	PA3	7177	110810_m_62-PA3-067
72	110810_m_62	3	PA3	7178	110810_m_62-PA3-068
72	110810_m_62	3	PA3	7179	110810_m_62-PA3-069
72	110810_m_62	3	PA3	7180	110810_m_62-PA3-071
76	111609_m_65	2	PA2	7541	111609_m_65-PA2-002
76	111609_m_65	2	PA2	7542	111609_m_65-PA2-004
76	111609_m_65	2	PA2	7543	111609_m_65-PA2-011
76	111609_m_65	2	PA2	7544	111609_m_65-PA2-016
76	111609_m_65	2	PA2	7545	111609_m_65-PA2-018
76	111609_m_65	2	PA2	7546	111609_m_65-PA2-019
76	111609_m_65	2	PA2	7547	111609_m_65-PA2-024
76	111609_m_65	2	PA2	7548	111609_m_65-PA2-026
76	111609_m_65	2	PA2	7549	111609_m_65-PA2-033
76	111609_m_65	2	PA2	7550	111609_m_65-PA2-038
76	111609_m_65	2	PA2	7551	111609_m_65-PA2-042
76	111609_m_65	2	PA2	7552	111609_m_65-PA2-044
76	111609_m_65	2	PA2	7553	111609_m_65-PA2-046
76	111609_m_65	2	PA2	7554	111609_m_65-PA2-050
76	111609_m_65	2	PA2	7555	111609_m_65-PA2-051
76	111609_m_65	2	PA2	7556	111609_m_65-PA2-053
76	111609_m_65	2	PA2	7557	111609_m_65-PA2-054
76	111609_m_65	2	PA2	7558	111609_m_65-PA2-055
76	111609_m_65	2	PA2	7559	111609_m_65-PA2-073
76	111609_m_65	2	PA2	7560	111609_m_65-PA2-077
76	111609_m_65	3	PA3	7561	111609_m_65-PA3-003
76	111609_m_65	3	PA3	7562	111609_m_65-PA3-006
76	111609_m_65	3	PA3	7563	111609_m_65-PA3-010
76	111609_m_65	3	PA3	7564	111609_m_65-PA3-012
76	111609_m_65	3	PA3	7565	111609_m_65-PA3-013
76	111609_m_65	3	PA3	7566	111609_m_65-PA3-017
76	111609_m_65	3	PA3	7567	111609_m_65-PA3-020
76	111609_m_65	3	PA3	7568	111609_m_65-PA3-029
76	111609_m_65	3	PA3	7569	111609_m_65-PA3-032
76	111609_m_65	3	PA3	7570	111609_m_65-PA3-037
76	111609_m_65	3	PA3	7571	111609_m_65-PA3-045
76	111609_m_65	3	PA3	7572	111609_m_65-PA3-047
76	111609_m_65	3	PA3	7573	111609_m_65-PA3-048
76	111609_m_65	3	PA3	7574	111609_m_65-PA3-049
76	111609_m_65	3	PA3	7575	111609_m_65-PA3-057
76	111609_m_65	3	PA3	7576	111609_m_65-PA3-061
76	111609_m_65	3	PA3	7577	111609_m_65-PA3-063
76	111609_m_65	3	PA3	7578	111609_m_65-PA3-065
76	111609_m_65	3	PA3	7579	111609_m_65-PA3-070
76	111609_m_65	3	PA3	7580	111609_m_65-PA3-071
78	112009_w_43	2	PA2	7741	112009_w_43-PA2-004
78	112009_w_43	2	PA2	7742	112009_w_43-PA2-007
78	112009_w_43	2	PA2	7743	112009_w_43-PA2-010
78	112009_w_43	2	PA2	7744	112009_w_43-PA2-015
78	112009_w_43	2	PA2	7745	112009_w_43-PA2-016
78	112009_w_43	2	PA2	7746	112009_w_43-PA2-017
78	112009_w_43	2	PA2	7747	112009_w_43-PA2-022
78	112009_w_43	2	PA2	7748	112009_w_43-PA2-023
78	112009_w_43	2	PA2	7749	112009_w_43-PA2-027
78	112009_w_43	2	PA2	7750	112009_w_43-PA2-030
78	112009_w_43	2	PA2	7751	112009_w_43-PA2-033
78	112009_w_43	2	PA2	7752	112009_w_43-PA2-036
78	112009_w_43	2	PA2	7753	112009_w_43-PA2-039
78	112009_w_43	2	PA2	7754	112009_w_43-PA2-043
78	112009_w_43	2	PA2	7755	112009_w_43-PA2-054
78	112009_w_43	2	PA2	7756	112009_w_43-PA2-063
78	112009_w_43	2	PA2	7757	112009_w_43-PA2-067
78	112009_w_43	2	PA2	7758	112009_w_43-PA2-071
78	112009_w_43	2	PA2	7759	112009_w_43-PA2-075
78	112009_w_43	2	PA2	7760	112009_w_43-PA2-076
78	112009_w_43	3	PA3	7761	112009_w_43-PA3-005
78	112009_w_43	3	PA3	7762	112009_w_43-PA3-014
78	112009_w_43	3	PA3	7763	112009_w_43-PA3-019
78	112009_w_43	3	PA3	7764	112009_w_43-PA3-020
78	112009_w_43	3	PA3	7765	112009_w_43-PA3-025
78	112009_w_43	3	PA3	7766	112009_w_43-PA3-026
78	112009_w_43	3	PA3	7767	112009_w_43-PA3-028
78	112009_w_43	3	PA3	7768	112009_w_43-PA3-031
78	112009_w_43	3	PA3	7769	112009_w_43-PA3-040
78	112009_w_43	3	PA3	7770	112009_w_43-PA3-045
78	112009_w_43	3	PA3	7771	112009_w_43-PA3-046
78	112009_w_43	3	PA3	7772	112009_w_43-PA3-051
78	112009_w_43	3	PA3	7773	112009_w_43-PA3-056
78	112009_w_43	3	PA3	7774	112009_w_43-PA3-057
78	112009_w_43	3	PA3	7775	112009_w_43-PA3-061
78	112009_w_43	3	PA3	7776	112009_w_43-PA3-064
78	112009_w_43	3	PA3	7777	112009_w_43-PA3-068
78	112009_w_43	3	PA3	7778	112009_w_43-PA3-072
78	112009_w_43	3	PA3	7779	112009_w_43-PA3-078
78	112009_w_43	3	PA3	7780	112009_w_43-PA3-079
82	112610_w_60	2	PA2	8141	112610_w_60-PA2-003
82	112610_w_60	2	PA2	8142	112610_w_60-PA2-004
82	112610_w_60	2	PA2	8143	112610_w_60-PA2-005
82	112610_w_60	2	PA2	8144	112610_w_60-PA2-011
82	112610_w_60	2	PA2	8145	112610_w_60-PA2-015
82	112610_w_60	2	PA2	8146	112610_w_60-PA2-016
82	112610_w_60	2	PA2	8147	112610_w_60-PA2-024
82	112610_w_60	2	PA2	8148	112610_w_60-PA2-025
82	112610_w_60	2	PA2	8149	112610_w_60-PA2-028
82	112610_w_60	2	PA2	8150	112610_w_60-PA2-029
82	112610_w_60	2	PA2	8151	112610_w_60-PA2-030
82	112610_w_60	2	PA2	8152	112610_w_60-PA2-039
82	112610_w_60	2	PA2	8153	112610_w_60-PA2-045
82	112610_w_60	2	PA2	8154	112610_w_60-PA2-052
82	112610_w_60	2	PA2	8155	112610_w_60-PA2-057
82	112610_w_60	2	PA2	8156	112610_w_60-PA2-066
82	112610_w_60	2	PA2	8157	112610_w_60-PA2-071
82	112610_w_60	2	PA2	8158	112610_w_60-PA2-073
82	112610_w_60	2	PA2	8159	112610_w_60-PA2-075
82	112610_w_60	2	PA2	8160	112610_w_60-PA2-076
82	112610_w_60	3	PA3	8161	112610_w_60-PA3-009
82	112610_w_60	3	PA3	8162	112610_w_60-PA3-019
82	112610_w_60	3	PA3	8163	112610_w_60-PA3-020
82	112610_w_60	3	PA3	8164	112610_w_60-PA3-021
82	112610_w_60	3	PA3	8165	112610_w_60-PA3-023
82	112610_w_60	3	PA3	8166	112610_w_60-PA3-034
82	112610_w_60	3	PA3	8167	112610_w_60-PA3-036
82	112610_w_60	3	PA3	8168	112610_w_60-PA3-037
82	112610_w_60	3	PA3	8169	112610_w_60-PA3-040
82	112610_w_60	3	PA3	8170	112610_w_60-PA3-043
82	112610_w_60	3	PA3	8171	112610_w_60-PA3-046
82	112610_w_60	3	PA3	8172	112610_w_60-PA3-047
82	112610_w_60	3	PA3	8173	112610_w_60-PA3-049
82	112610_w_60	3	PA3	8174	112610_w_60-PA3-051
82	112610_w_60	3	PA3	8175	112610_w_60-PA3-062
82	112610_w_60	3	PA3	8176	112610_w_60-PA3-063
82	112610_w_60	3	PA3	8177	112610_w_60-PA3-067
82	112610_w_60	3	PA3	8178	112610_w_60-PA3-070
82	112610_w_60	3	PA3	8179	112610_w_60-PA3-078
82	112610_w_60	3	PA3	8180	112610_w_60-PA3-080
84	112909_w_20	2	PA2	8341	112909_w_20-PA2-001
84	112909_w_20	2	PA2	8342	112909_w_20-PA2-004
84	112909_w_20	2	PA2	8343	112909_w_20-PA2-005
84	112909_w_20	2	PA2	8344	112909_w_20-PA2-015
84	112909_w_20	2	PA2	8345	112909_w_20-PA2-016
84	112909_w_20	2	PA2	8346	112909_w_20-PA2-017
84	112909_w_20	2	PA2	8347	112909_w_20-PA2-018
84	112909_w_20	2	PA2	8348	112909_w_20-PA2-019
84	112909_w_20	2	PA2	8349	112909_w_20-PA2-021
84	112909_w_20	2	PA2	8350	112909_w_20-PA2-023
84	112909_w_20	2	PA2	8351	112909_w_20-PA2-026
84	112909_w_20	2	PA2	8352	112909_w_20-PA2-027
84	112909_w_20	2	PA2	8353	112909_w_20-PA2-034
84	112909_w_20	2	PA2	8354	112909_w_20-PA2-046
84	112909_w_20	2	PA2	8355	112909_w_20-PA2-050
84	112909_w_20	2	PA2	8356	112909_w_20-PA2-061
84	112909_w_20	2	PA2	8357	112909_w_20-PA2-067
84	112909_w_20	2	PA2	8358	112909_w_20-PA2-068
84	112909_w_20	2	PA2	8359	112909_w_20-PA2-073
84	112909_w_20	2	PA2	8360	112909_w_20-PA2-078
84	112909_w_20	3	PA3	8361	112909_w_20-PA3-006
84	112909_w_20	3	PA3	8362	112909_w_20-PA3-010
84	112909_w_20	3	PA3	8363	112909_w_20-PA3-012
84	112909_w_20	3	PA3	8364	112909_w_20-PA3-013
84	112909_w_20	3	PA3	8365	112909_w_20-PA3-014
84	112909_w_20	3	PA3	8366	112909_w_20-PA3-024
84	112909_w_20	3	PA3	8367	112909_w_20-PA3-025
84	112909_w_20	3	PA3	8368	112909_w_20-PA3-028
84	112909_w_20	3	PA3	8369	112909_w_20-PA3-036
84	112909_w_20	3	PA3	8370	112909_w_20-PA3-037
84	112909_w_20	3	PA3	8371	112909_w_20-PA3-042
84	112909_w_20	3	PA3	8372	112909_w_20-PA3-056
84	112909_w_20	3	PA3	8373	112909_w_20-PA3-058
84	112909_w_20	3	PA3	8374	112909_w_20-PA3-059
84	112909_w_20	3	PA3	8375	112909_w_20-PA3-062
84	112909_w_20	3	PA3	8376	112909_w_20-PA3-063
84	112909_w_20	3	PA3	8377	112909_w_20-PA3-065
84	112909_w_20	3	PA3	8378	112909_w_20-PA3-070
84	112909_w_20	3	PA3	8379	112909_w_20-PA3-074
84	112909_w_20	3	PA3	8380	112909_w_20-PA3-075
85	112914_w_51	2	PA2	8441	112914_w_51-PA2-002
85	112914_w_51	2	PA2	8442	112914_w_51-PA2-006
85	112914_w_51	2	PA2	8443	112914_w_51-PA2-010
85	112914_w_51	2	PA2	8444	112914_w_51-PA2-012
85	112914_w_51	2	PA2	8445	112914_w_51-PA2-014
85	112914_w_51	2	PA2	8446	112914_w_51-PA2-017
85	112914_w_51	2	PA2	8447	112914_w_51-PA2-024
85	112914_w_51	2	PA2	8448	112914_w_51-PA2-029
85	112914_w_51	2	PA2	8449	112914_w_51-PA2-030
85	112914_w_51	2	PA2	8450	112914_w_51-PA2-031
85	112914_w_51	2	PA2	8451	112914_w_51-PA2-032
85	112914_w_51	2	PA2	8452	112914_w_51-PA2-040
85	112914_w_51	2	PA2	8453	112914_w_51-PA2-044
85	112914_w_51	2	PA2	8454	112914_w_51-PA2-046
85	112914_w_51	2	PA2	8455	112914_w_51-PA2-049
85	112914_w_51	2	PA2	8456	112914_w_51-PA2-051
85	112914_w_51	2	PA2	8457	112914_w_51-PA2-055
85	112914_w_51	2	PA2	8458	112914_w_51-PA2-058
85	112914_w_51	2	PA2	8459	112914_w_51-PA2-062
85	112914_w_51	2	PA2	8460	112914_w_51-PA2-066
85	112914_w_51	3	PA3	8461	112914_w_51-PA3-015
85	112914_w_51	3	PA3	8462	112914_w_51-PA3-016
85	112914_w_51	3	PA3	8463	112914_w_51-PA3-020
85	112914_w_51	3	PA3	8464	112914_w_51-PA3-023
85	112914_w_51	3	PA3	8465	112914_w_51-PA3-028
85	112914_w_51	3	PA3	8466	112914_w_51-PA3-034
85	112914_w_51	3	PA3	8467	112914_w_51-PA3-035
85	112914_w_51	3	PA3	8468	112914_w_51-PA3-042
85	112914_w_51	3	PA3	8469	112914_w_51-PA3-043
85	112914_w_51	3	PA3	8470	112914_w_51-PA3-045
85	112914_w_51	3	PA3	8471	112914_w_51-PA3-053
85	112914_w_51	3	PA3	8472	112914_w_51-PA3-059
85	112914_w_51	3	PA3	8473	112914_w_51-PA3-061
85	112914_w_51	3	PA3	8474	112914_w_51-PA3-068
85	112914_w_51	3	PA3	8475	112914_w_51-PA3-071
85	112914_w_51	3	PA3	8476	112914_w_51-PA3-072
85	112914_w_51	3	PA3	8477	112914_w_51-PA3-074
85	112914_w_51	3	PA3	8478	112914_w_51-PA3-077
85	112914_w_51	3	PA3	8479	112914_w_51-PA3-079
85	112914_w_51	3	PA3	8480	112914_w_51-PA3-080
87	120614_w_61	2	PA2	8641	120614_w_61-PA2-001
87	120614_w_61	2	PA2	8642	120614_w_61-PA2-006
87	120614_w_61	2	PA2	8643	120614_w_61-PA2-009
87	120614_w_61	2	PA2	8644	120614_w_61-PA2-015
87	120614_w_61	2	PA2	8645	120614_w_61-PA2-023
87	120614_w_61	2	PA2	8646	120614_w_61-PA2-024
87	120614_w_61	2	PA2	8647	120614_w_61-PA2-025
87	120614_w_61	2	PA2	8648	120614_w_61-PA2-027
87	120614_w_61	2	PA2	8649	120614_w_61-PA2-033
87	120614_w_61	2	PA2	8650	120614_w_61-PA2-034
87	120614_w_61	2	PA2	8651	120614_w_61-PA2-035
87	120614_w_61	2	PA2	8652	120614_w_61-PA2-036
87	120614_w_61	2	PA2	8653	120614_w_61-PA2-038
87	120614_w_61	2	PA2	8654	120614_w_61-PA2-043
87	120614_w_61	2	PA2	8655	120614_w_61-PA2-054
87	120614_w_61	2	PA2	8656	120614_w_61-PA2-058
87	120614_w_61	2	PA2	8657	120614_w_61-PA2-066
87	120614_w_61	2	PA2	8658	120614_w_61-PA2-072
87	120614_w_61	2	PA2	8659	120614_w_61-PA2-074
87	120614_w_61	2	PA2	8660	120614_w_61-PA2-076
87	120614_w_61	3	PA3	8661	120614_w_61-PA3-005
87	120614_w_61	3	PA3	8662	120614_w_61-PA3-010
87	120614_w_61	3	PA3	8663	120614_w_61-PA3-011
87	120614_w_61	3	PA3	8664	120614_w_61-PA3-012
87	120614_w_61	3	PA3	8665	120614_w_61-PA3-013
87	120614_w_61	3	PA3	8666	120614_w_61-PA3-014
87	120614_w_61	3	PA3	8667	120614_w_61-PA3-016
87	120614_w_61	3	PA3	8668	120614_w_61-PA3-017
87	120614_w_61	3	PA3	8669	120614_w_61-PA3-019
87	120614_w_61	3	PA3	8670	120614_w_61-PA3-020
87	120614_w_61	3	PA3	8671	120614_w_61-PA3-026
87	120614_w_61	3	PA3	8672	120614_w_61-PA3-028
87	120614_w_61	3	PA3	8673	120614_w_61-PA3-029
87	120614_w_61	3	PA3	8674	120614_w_61-PA3-030
87	120614_w_61	3	PA3	8675	120614_w_61-PA3-037
87	120614_w_61	3	PA3	8676	120614_w_61-PA3-041
87	120614_w_61	3	PA3	8677	120614_w_61-PA3-042
87	120614_w_61	3	PA3	8678	120614_w_61-PA3-044
87	120614_w_61	3	PA3	8679	120614_w_61-PA3-057
87	120614_w_61	3	PA3	8680	120614_w_61-PA3-059
